Feature,Importance
COURSE_PREF_COUNT,0.049551737
COURSE_CD_FULL_ALT_761AA.3,0.016669456
CURRENT_STUDENT_IND_N,0.013424639
LOCATION_DESCRIPTION_UC Melbourne - Chadstone Campus,0.008262948
COURSE_TYPE_GROUP1_BKEY_UG,0.008248137
FEE_PAYING_GROUP_DESCRIPTION_Overseas Fee-Paying,0.0071469033
COURSE_CD_FULL_ALT_322AA.5,0.006590584
RECENCY_DAYS,0.0064266
COURSE_TITLE_Master Of Information Technology And Systems,0.006191215
STUDENT_INT_DOM_Domestic,0.0060171993
"DEEWR_CITIZENSHIP_CITIZENSHIP OTHER THAN 1, 2, 3 OR 4 ABOVE",0.005907941
ADMISSION_YEAR,0.005632841
COURSE_CD_FULL_ALT_182JA.1,0.0053722463
FACULTY_CODE_SAS,0.005363621
SCHOLARSHIP_IND_N,0.005155729
COURSE_CD_FULL_ALT_762AA.3,0.004944682
BIRTH_COUNTRY_LEBANON,0.004871579
DAYS_TO_ENROLL,0.004552233
FEE_PAYING_GROUP_DESCRIPTION_Commonwealth Supported Places (CSP),0.004510113
"LOCATION_DESCRIPTION_UC - Canberra, Bruce",0.0040473486
"DEEWR_CITIZENSHIP_INT STUDENT RESIDING IN AUST, INCL STUDENT VISA, DIPLOMAT",0.0038423361
DEEWR_CITIZENSHIP_AUSTRALIAN CITIZEN (INCL AUSTRALIANS WITH DUAL CITIZENSHIP),0.0036813137
COURSE_CD_FULL_ALT_973AA.5,0.0034113664
BIRTH_COUNTRY_SOUTH SUDAN,0.0033752255
COURSE_CD_FULL_ALT_321JA.3,0.0033399204
BIRTH_COUNTRY_BHUTAN,0.0033233343
COURSE_TITLE_Bachelor Of Finance,0.003298992
COURSE_CD_FULL_ALT_149JA.4,0.003275689
COURSE_CD_FULL_ALT_325JA.1,0.0032244665
LOCATION_DESCRIPTION_UC Melbourne - Waverley Campus,0.0032125663
COURSE_CD_FULL_ALT_297JA.1,0.0031700647
COURSE_CD_FULL_ALT_297JA.2,0.0030866116
COURSE_CD_FULL_ALT_245JA.3,0.0030466
DISABILITY_IND_N,0.002987977
"LOCATION_DESCRIPTION_UC - Sydney Hills Campus, Castle Hill, NSW",0.0029865734
COURSE_TITLE_Bachelor Of Arts And Design (Honours),0.0029810253
COURSE_TITLE_Bachelor Of Secondary Education/Bachelor Of Arts,0.002704037
AVG_ACTION_GAP,0.0026397894
COURSE_CD_FULL_ALT_ARB003.1,0.002631755
COURSE_TITLE_Bachelor Of Information Technology/Bachelor Of Commerce,0.0026257245
COURSE_TITLE_Doctor Of Philosophy,0.0025835119
COURSE_CD_FULL_ALT_364JA.1,0.002577409
BIRTH_COUNTRY_SAUDI ARABIA,0.002536405
COURSE_CD_FULL_ALT_SCM002.1,0.0025209903
COURSE_CD_FULL_ALT_322AA.8,0.0025010572
COURSE_CD_FULL_ALT_266JA.3,0.0024965329
COURSE_CD_FULL_ALT_394AA.4,0.0024691115
BIRTH_COUNTRY_INDIA,0.002465687
COURSE_CD_FULL_ALT_560AA.5,0.0024560941
RESEARCH_COURSE_FLAG_N,0.0024491618
COURSE_TITLE_Master Of Business Administration (Plus),0.002434185
BIRTH_COUNTRY_AUSTRIA,0.0024256422
"DEEWR_CITIZENSHIP_NEW ZEALAND CITIZEN, NZ DIPLOMAT/CONSULAR EXC. AUST. CITIZEN",0.0024080588
BIRTH_COUNTRY_SAMOA,0.0023804833
COURSE_CD_FULL_ALT_187JA.1,0.0023500745
COURSE_TITLE_Bachelor Of Laws,0.0023438893
COURSE_CD_FULL_ALT_EDS001.1,0.0023380376
COURSE_CD_FULL_ALT_184JA.1,0.002335003
BIRTH_COUNTRY_JAPAN,0.0023203702
BIRTH_COUNTRY_THAILAND,0.00231578
TEACHING_PERIOD_DESCR_Teaching Period 1,0.002314984
COURSE_CD_FULL_ALT_SCM401.1,0.002293107
COURSE_CD_FULL_ALT_339JA.1,0.0022538071
COURSE_TITLE_Bachelor Of Business (Sport Management),0.0022409537
COURSE_CD_FULL_ALT_560AA.7,0.0022374871
AGE_RANGE_20 to 29,0.002227909
TEACHING_PERIOD_DESCR_Summer Teaching Period,0.0022241045
COURSE_CD_FULL_ALT_737AA.5,0.002218768
"BIRTH_COUNTRY_CONGO, DEMOCRATIC REPUBLIC OF",0.002198705
COURSE_TITLE_Bachelor Of Design,0.0021934872
COURSE_CD_FULL_ALT_158JA.1,0.0021907683
COURSE_CD_FULL_ALT_250JA.1,0.0021803046
COURSE_CD_FULL_ALT_HLB103.2,0.0021705993
BIRTH_COUNTRY_SIERRA LEONE,0.0021691755
COURSE_CD_FULL_ALT_HLB102.1,0.0021597724
COURSE_TITLE_Bachelor Of Exercise Physiology And Rehabilitation,0.002154455
COURSE_TITLE_Bachelor Of Early Childhood And Primary Education,0.00214761
COURSE_TITLE_Master Of Education,0.0021445765
COURSE_CD_FULL_ALT_973AA.6,0.0021355497
COURSE_CD_FULL_ALT_340JA.2,0.002124872
COURSE_CD_FULL_ALT_279JA.1,0.002117456
COURSE_TITLE_Master Of Forensic Studies In Forensic Science (Online),0.0021066063
COURSE_CD_FULL_ALT_274JA.5,0.0021045357
COURSE_CD_FULL_ALT_SCB001.1,0.002079274
COURSE_CD_FULL_ALT_MGB401.1,0.0020776002
COURSE_TITLE_Bachelor Of Vision Science,0.002074925
COURSE_TITLE_Bachelor Of Software Engineering,0.0020672004
COURSE_TITLE_Graduate Diploma In Medical Ultrasound,0.0020614641
COURSE_CD_FULL_ALT_186JA.2,0.0020476237
COURSE_CD_FULL_ALT_762AA.4,0.0020270355
DEEWR_CITIZENSHIP_PERMANENT RESIDENT STATUS (EXCL. NEW ZEALAND CITIZENS),0.0020237681
COURSE_TITLE_Master Of Speech Pathology,0.0020204596
COURSE_TITLE_Bachelor Of Science In Psychology (Honours),0.0020200573
COURSE_CD_FULL_ALT_SCB101.1,0.0019992373
COURSE_CD_FULL_ALT_258HG.1,0.0019977689
BIRTH_COUNTRY_COLOMBIA,0.00199214
"LOCATION_DESCRIPTION_UC - Canberra, Online",0.001990315
COURSE_TITLE_Bachelor Of Primary Education,0.0019873285
BIRTH_COUNTRY_UNITED STATES OF AMERICA,0.0019821175
COURSE_TYPE_GROUP1_BKEY_PG,0.0019782516
COURSE_CD_FULL_ALT_MGB302.1,0.0019674245
BIRTH_COUNTRY_EGYPT,0.00196548
COURSE_TITLE_Bachelor Of Business Administration,0.0019627905
COURSE_CD_FULL_ALT_SCAR02.1,0.0019463887
BIRTH_COUNTRY_SINGAPORE,0.001945668
COURSE_CD_FULL_ALT_688AA.8,0.0019338488
COURSE_TITLE_Bachelor Of Health Science,0.0019301663
AGE_NUM,0.0019289907
BIRTH_COUNTRY_TANZANIA,0.0019282673
COURSE_CD_FULL_ALT_ARB103.1,0.0019227127
COURSE_CD_FULL_ALT_ARB203.1,0.0019224948
COURSE_TITLE_Bachelor Of Secondary Education (Arts),0.0019222551
COURSE_TITLE_Master Of Physiotherapy,0.0019189784
COURSE_TITLE_Bachelor Of Engineering (Honours),0.0019179835
COURSE_CD_FULL_ALT_SCSC02.1,0.0019177514
BIRTH_COUNTRY_MONGOLIA,0.0019165496
COURSE_TITLE_Master Of Architecture,0.0019097907
COURSE_CD_FULL_ALT_686AA.6,0.0019081372
LOCATION_COUNTRY_Australia,0.001902558
COURSE_TITLE_Master Of Pharmacy,0.0018874663
BIRTH_COUNTRY_NEPAL,0.0018814576
COURSE_CD_FULL_ALT_793AA.8,0.001866173
COURSE_CD_FULL_ALT_838AA.4,0.0018656041
COURSE_CD_FULL_ALT_885AA.3,0.001861591
COURSE_CD_FULL_ALT_MGB303.1,0.0018598022
ABORIG_TORRES_OF ABORIGINAL ORIGIN,0.0018577928
BIRTH_COUNTRY_ZIMBABWE,0.001844396
COURSE_TITLE_Master Of Business Informatics,0.0018366112
COURSE_CD_FULL_ALT_335JA.1,0.0018350112
BIRTH_COUNTRY_CHILE,0.0018331576
COURSE_CD_FULL_ALT_344JA.1,0.0018322833
COURSE_CD_FULL_ALT_290JA.3,0.0018229239
COURSE_CD_FULL_ALT_324JA.2,0.0018056533
COURSE_TITLE_Bachelor Of Human Nutrition,0.0018007418
COURSE_TITLE_Bachelor Of Nursing,0.001800723
TEACHING_PERIOD_DESCR_Winter Teaching Period,0.0018000039
BIRTH_COUNTRY_UNITED ARAB EMIRATES,0.0017946884
COURSE_CD_FULL_ALT_361JA.1,0.0017886297
BIRTH_COUNTRY_TAIWAN,0.0017879301
BIRTH_COUNTRY_PAKISTAN,0.001777798
"LOCATION_DESCRIPTION_UCI - Royal Institute of Management, Bhutan",0.0017411809
COURSE_CD_FULL_ALT_791AA.5,0.001735596
COURSE_CD_FULL_ALT_174JA.1,0.0017281136
COURSE_CD_FULL_ALT_NPSC02.1,0.0017207274
COURSE_CD_FULL_ALT_ENB001.1,0.0017163458
"BIRTH_COUNTRY_KOREA, REPUBLIC OF (SOUTH)",0.0017050736
BIRTH_COUNTRY_PERU,0.0017041616
ABORIG_TORRES_OF TORRES STRAIT ISLANDER ORIGIN,0.0017006231
COURSE_CD_FULL_ALT_780AA.4,0.0016941399
COURSE_TITLE_Graduate Certificate In Human Movement Science,0.0016866281
COURSE_TITLE_Bachelor Of Applied Science In Forensic Studies,0.0016846358
COURSE_TITLE_Master Of Counselling,0.0016767842
COURSE_TITLE_Bachelor Of Arts (Digital Media),0.0016718153
BIRTH_COUNTRY_INDONESIA,0.0016710474
COURSE_TITLE_Bachelor Of Arts In Architecture,0.0016689756
COURSE_CD_FULL_ALT_ABB001.1,0.0016656457
COURSE_CD_FULL_ALT_309JA.3,0.0016628538
BIRTH_COUNTRY_UZBEKISTAN,0.0016608625
COURSE_CD_FULL_ALT_912AA.6,0.0016572576
COURSE_TITLE_Master Of Business Administration,0.0016565858
COURSE_CD_FULL_ALT_ARSC01.2,0.001653757
BIRTH_COUNTRY_BURMA (MYANMAR),0.0016536834
COURSE_CD_FULL_ALT_319JA.2,0.0016482363
COURSE_CD_FULL_ALT_846AA.6,0.0016417663
BIRTH_COUNTRY_ENGLAND,0.0016410896
"BIRTH_COUNTRY_CHINESE ASIA (INCLUDES MONGOLIA), NFD",0.0016404947
COURSE_CD_FULL_ALT_321JA.2,0.0016391608
COURSE_CD_FULL_ALT_MGB105.1,0.0016318836
COURSE_TITLE_Bachelor Of Physiotherapy,0.0016235064
BIRTH_COUNTRY_PAPUA NEW GUINEA,0.0016190319
COURSE_CD_FULL_ALT_334JA.1,0.0016171321
BIRTH_COUNTRY_ETHIOPIA,0.0016144182
BIRTH_COUNTRY_BENIN,0.0016126628
COURSE_CD_FULL_ALT_MGB108.1,0.001610144
COURSE_TITLE_Bachelor Of Management,0.0016098145
COURSE_TITLE_Bachelor Of Building And Construction Management,0.0016059307
COURSE_TITLE_Bachelor Of Business (Management),0.0016005519
COURSE_TITLE_Master Of Professional Accounting,0.001590694
COURSE_CD_FULL_ALT_MGB304.2,0.0015854869
COURSE_CD_FULL_ALT_254LC.2,0.0015851996
COURSE_TITLE_Bachelor Of Medical Science,0.0015772809
BIRTH_COUNTRY_BANGLADESH,0.0015706187
COURSE_CD_FULL_ALT_322AA.7,0.0015701643
COURSE_CD_FULL_ALT_326JA.2,0.0015670481
COURSE_TITLE_Bachelor Of Science In Psychology/ Bachelor Of Laws,0.0015654697
"LOCATION_DESCRIPTION_UC - TAFE NSW Northern Sydney, Ryde",0.0015581746
COURSE_CD_FULL_ALT_HLHL01.1,0.00155753
BIRTH_COUNTRY_TURKEY,0.0015565016
BIRTH_COUNTRY_TONGA,0.0015538184
COURSE_CD_FULL_ALT_284JA.2,0.001548613
COURSE_TITLE_Bachelor Of Business Informatics,0.0015473377
COURSE_CD_FULL_ALT_392AB.2,0.0015468842
BIRTH_COUNTRY_SCOTLAND,0.0015440529
BIRTH_COUNTRY_SUDAN,0.0015408489
COURSE_TITLE_Bachelor Of Secondary Education/Bachelor Of Science,0.0015393265
COURSE_TITLE_Bachelor Of Commerce,0.0015376477
DEEWR_CITIZENSHIP_INTERNATIONAL STUDENT STUDYING UCELI COURSE,0.0015364393
COURSE_CD_FULL_ALT_ABB201.1,0.0015344097
COURSE_CD_FULL_ALT_ARB004.1,0.001533458
COURSE_CD_FULL_ALT_985AA.1,0.0015323518
COURSE_CD_FULL_ALT_HLB101.1,0.0015273948
AGE_RANGE_60 to 69,0.0015181646
COURSE_TITLE_Bachelor Of Secondary Education (Health And Physical Education),0.0015125878
COURSE_TITLE_Bachelor Of Justice Studies,0.0015113748
COURSE_CD_FULL_ALT_ARB003.2,0.0015072138
COURSE_CD_FULL_ALT_723AA.5,0.001507042
COURSE_CD_FULL_ALT_202JA.2,0.0015002503
COURSE_CD_FULL_ALT_799AA.5,0.0014988253
COURSE_CD_FULL_ALT_ARB005.1,0.0014946093
COURSE_CD_FULL_ALT_HLB001.2,0.0014938328
AGE_RANGE_10 to 19,0.0014928007
COURSE_CD_FULL_ALT_984AA.2,0.00148214
BIRTH_COUNTRY_GERMANY,0.0014804578
BIRTH_COUNTRY_IRAN,0.0014759494
"LOCATION_DESCRIPTION_UC - TAFE Queensland, South Bank",0.0014670896
COURSE_TITLE_Bachelor Of Commerce/ Bachelor Of Information Technology,0.0014668208
COURSE_CD_FULL_ALT_HLB103.1,0.0014667022
COURSE_CD_FULL_ALT_124JA.3,0.0014590385
RESEARCH_STUDENT_IND_N,0.0014582166
BIRTH_COUNTRY_PHILIPPINES,0.0014554067
COURSE_CD_FULL_ALT_ARAR01.3,0.001455266
COURSE_TITLE_Bachelor Of Interior Architecture,0.0014545951
BIRTH_COUNTRY_BOTSWANA,0.001452835
BIRTH_COUNTRY_FIJI,0.001448494
COURSE_TITLE_Bachelor Of Sport And Exercise Science,0.001435235
BIRTH_COUNTRY_UGANDA,0.0014333408
COURSE_CD_FULL_ALT_266JA.7,0.0014301873
COURSE_TITLE_Bachelor Of Primary Education (Creative Arts),0.0014272431
BIRTH_COUNTRY_POLAND,0.0014222936
COURSE_CD_FULL_ALT_NPB002.1,0.0014222839
COURSE_TITLE_Bachelor Of Occupational Therapy,0.0014165834
COURSE_TITLE_Master Of Data Science,0.0014159925
COURSE_TITLE_Bachelor Of Pharmacy,0.0014070844
COURSE_TITLE_Bachelor Of Biomedical Science,0.0014044129
COURSE_CD_FULL_ALT_326JA.3,0.0014041915
COURSE_CD_FULL_ALT_301JA.1,0.0013996257
COURSE_CD_FULL_ALT_261JA.2,0.0013976482
COURSE_CD_FULL_ALT_164JA.3,0.0013971562
COURSE_CD_FULL_ALT_321JA.4,0.0013969407
BIRTH_COUNTRY_EAST TIMOR,0.001393281
COURSE_CD_FULL_ALT_913AA.5,0.0013917226
COURSE_CD_FULL_ALT_330JA.2,0.0013873443
COURSE_CD_FULL_ALT_791AA.4,0.0013873136
COURSE_CD_FULL_ALT_284JA.3,0.0013775452
COURSE_TITLE_Master Of Occupational Therapy,0.0013761355
COURSE_CD_FULL_ALT_ARB009.1,0.0013758052
BIRTH_COUNTRY_IRAQ,0.0013755029
COURSE_TITLE_Bachelor Of Communication And Media (Corporate And Public Communication),0.0013743467
COURSE_CD_FULL_ALT_356JA.1,0.0013709874
COURSE_CD_FULL_ALT_245JA.1,0.0013699875
COURSE_CD_FULL_ALT_SCG401.1,0.0013598306
COURSE_CD_FULL_ALT_429AA.6,0.0013540584
COURSE_TITLE_Master Degree Course In Juris Doctor,0.001351316
BIRTH_COUNTRY_NEW ZEALAND,0.0013476625
COURSE_CD_FULL_ALT_560AA.6,0.0013422837
COURSE_CD_FULL_ALT_215JA.2,0.0013419148
BIRTH_COUNTRY_SOUTH AFRICA,0.0013406829
COURSE_CD_FULL_ALT_322AA.6,0.0013406369
COURSE_CD_FULL_ALT_ABB101.1,0.001336974
COURSE_TITLE_Master Of Medical Imaging,0.0013345283
COURSE_CD_FULL_ALT_SCB201.1,0.0013330824
COURSE_CD_FULL_ALT_132JA.2,0.0013295828
COURSE_CD_FULL_ALT_ABB002.1,0.0013272798
COURSE_CD_FULL_ALT_SCC401.1,0.0013249749
COURSE_CD_FULL_ALT_357JA.2,0.0013206289
COURSE_CD_FULL_ALT_ARC201.2,0.0013195282
COURSE_TITLE_Bachelor Of Arts/Bachelor Of Laws,0.0013182372
COURSE_TITLE_Graduate Diploma In Counselling,0.0013163806
COURSE_CD_FULL_ALT_HLH201.1,0.0013160096
BIRTH_COUNTRY_NIGERIA,0.0013138744
COURSE_CD_FULL_ALT_364JA.2,0.0013123135
COURSE_TITLE_Master Of Nutrition And Dietetics,0.0013112766
BIRTH_COUNTRY_MALAYSIA,0.0013048479
COURSE_TITLE_Master Of Urban And Regional Planning,0.0013036698
COURSE_CD_FULL_ALT_ARB102.1,0.0012987496
ABORIG_TORRES_NEITHER ABORIGINAL NOR TORRES STRAIT ISLANDER ORIGIN,0.0012886825
COURSE_CD_FULL_ALT_EDM001.1,0.0012877398
COURSE_TITLE_Bachelor Of Politics And International Relations/Bachelor Of Commerce,0.0012863372
COURSE_CD_FULL_ALT_882AA.2,0.0012823934
COURSE_TITLE_Master Of Marketing Management,0.001280187
COURSE_CD_FULL_ALT_193JA.2,0.0012792733
COURSE_CD_FULL_ALT_ARC102.1,0.0012724147
COURSE_CD_FULL_ALT_321JA.1,0.0012650386
COURSE_CD_FULL_ALT_245JA.2,0.0012579274
COURSE_CD_FULL_ALT_686AA.5,0.0012579004
FACULTY_CODE_FCY-AAD,0.0012453359
COURSE_CD_FULL_ALT_953AA.1,0.001242478
COURSE_CD_FULL_ALT_772AA.6,0.0012411418
COURSE_CD_FULL_ALT_264JA.3,0.0012391147
COURSE_CD_FULL_ALT_327JA.3,0.0012338986
COURSE_CD_FULL_ALT_SCG101.1,0.0012325582
COURSE_CD_FULL_ALT_NPB001.1,0.001230019
COURSE_CD_FULL_ALT_248JA.2,0.0012267275
BIRTH_COUNTRY_HONG KONG (SAR OF CHINA),0.0012256146
COURSE_TITLE_Bachelor Of The Built Environment (Interior Architecture),0.0012227275
COURSE_CD_FULL_ALT_768AA.2,0.0012205385
COURSE_TITLE_Master Of Clinical Psychology,0.0012193471
BIRTH_COUNTRY_KENYA,0.0012189246
COURSE_CD_FULL_ALT_330JA.7,0.001211841
BIRTH_COUNTRY_CANADA,0.0012110905
COURSE_CD_FULL_ALT_SCG003.1,0.0012060369
COURSE_CD_FULL_ALT_330JA.5,0.0012059633
BIRTH_COUNTRY_SRI LANKA,0.0012041993
COURSE_CD_FULL_ALT_849AA.2,0.0012029195
COURSE_TITLE_Graduate Certificate In Heritage Materials Conservation,0.0011999798
COURSE_CD_FULL_ALT_ARAR02.1,0.0011944936
COURSE_CD_FULL_ALT_352JA.1,0.0011915184
COURSE_CD_FULL_ALT_147JA.3,0.0011896348
"LOCATION_DESCRIPTION_UC - Global Business College of Australia, Melbourne",0.0011887305
BIRTH_COUNTRY_KUWAIT,0.0011884603
COURSE_CD_FULL_ALT_780AA.2,0.001184836
COURSE_CD_FULL_ALT_324JA.4,0.0011836397
COURSE_CD_FULL_ALT_924AA.4,0.0011805275
BIRTH_COUNTRY_BRUNEI DARUSSALAM,0.0011800098
COURSE_TITLE_Bachelor Of Politics And International Relations,0.0011771207
COURSE_CD_FULL_ALT_723AA.4,0.0011748826
COURSE_TITLE_Bachelor Of Business Studies (Online),0.0011744321
BIRTH_COUNTRY_JORDAN,0.0011734329
BIRTH_COUNTRY_MAURITIUS,0.0011642615
COURSE_CD_FULL_ALT_706AA.8,0.0011608945
COURSE_CD_FULL_ALT_769AA.4,0.0011600398
COURSE_CD_FULL_ALT_322JA.2,0.0011596939
COURSE_CD_FULL_ALT_140AA.1,0.0011577433
BIRTH_COUNTRY_CHINA (EXCLUDES SARS AND TAIWAN),0.0011556512
COURSE_CD_FULL_ALT_332JA.1,0.0011554731
COURSE_CD_FULL_ALT_MGB103.1,0.0011520847
COURSE_CD_FULL_ALT_SCB001.2,0.0011517932
COURSE_CD_FULL_ALT_279JA.2,0.0011461478
COURSE_CD_FULL_ALT_371JA.1,0.0011435536
COURSE_CD_FULL_ALT_173JA.1,0.0011433804
COURSE_CD_FULL_ALT_326JA.1,0.0011419889
COURSE_CD_FULL_ALT_188JA.2,0.0011383956
COURSE_CD_FULL_ALT_924AA.5,0.0011362039
COURSE_CD_FULL_ALT_ITM001.1,0.0011350684
COURSE_TITLE_Bachelor Of Medical Radiation Science (Medical Imaging),0.001132121
BIRTH_COUNTRY_RUSSIAN FEDERATION,0.0011309201
COURSE_CD_FULL_ALT_973AA.3,0.001129323
COURSE_CD_FULL_ALT_EDC102.1,0.00112566
COURSE_TITLE_Bachelor Of Software Engineering/Bachelor Of Business Informatics,0.0011234485
FACULTY_CODE_FCY-STC,0.0011205573
COURSE_CD_FULL_ALT_ARSC01.1,0.0011201134
COURSE_TITLE_Bachelor Of Midwifery,0.0011190226
COURSE_CD_FULL_ALT_794AA.5,0.0011162688
COURSE_CD_FULL_ALT_132JA.3,0.0011131169
COURSE_CD_FULL_ALT_182JA.2,0.0011067267
FACULTY_CODE_FCY-BGL,0.0011036771
COURSE_TITLE_Graduate Certificate In Public Administration,0.0010950755
COURSE_CD_FULL_ALT_327JA.2,0.0010930896
COURSE_CD_FULL_ALT_202JA.3,0.0010917021
COURSE_CD_FULL_ALT_MGB106.1,0.0010916766
COURSE_TITLE_Master Of Communication,0.0010792102
COURSE_CD_FULL_ALT_203JA.1,0.0010739905
COURSE_CD_FULL_ALT_327JA.1,0.0010738554
COURSE_CD_FULL_ALT_767AA.4,0.001072449
FACULTY_CODE_FCY-EDC,0.0010717042
COURSE_TITLE_Bachelor Of Science In Psychology,0.0010708479
COURSE_CD_FULL_ALT_973AA.4,0.0010694505
BIRTH_COUNTRY_FRANCE,0.0010686326
COURSE_CD_FULL_ALT_158JA.4,0.0010672557
BIRTH_COUNTRY_QATAR,0.00106522
BIRTH_COUNTRY_AFGHANISTAN,0.0010641762
COURSE_CD_FULL_ALT_MGB301.1,0.0010593947
COURSE_CD_FULL_ALT_SCHL01.1,0.0010590614
BIRTH_COUNTRY_NETHERLANDS,0.0010581305
COURSE_CD_FULL_ALT_EDB001.1,0.0010564578
COURSE_TITLE_Bachelor Of Information Technology / Bachelor Of Media Arts And Production,0.0010554445
COURSE_CD_FULL_ALT_HLC301.1,0.0010532764
"LOCATION_DESCRIPTION_UC - TAFE NSW Northern Sydney, St Leonard's",0.00105305
COURSE_CD_FULL_ALT_SCC101.1,0.0010519903
COURSE_CD_FULL_ALT_186JA.1,0.001051871
COURSE_CD_FULL_ALT_MGAR01.1,0.0010496518
COURSE_CD_FULL_ALT_309JA.2,0.00104949
COURSE_TITLE_Bachelor Of Acting And Performance,0.0010446737
ABORIG_TORRES_OF ABORIGINAL AND TORRES STRAIT ISLANDER ORIGIN,0.0010431501
COURSE_CD_FULL_ALT_233JA.2,0.0010405603
BIRTH_COUNTRY_CAMBODIA,0.00103796
COURSE_TITLE_Bachelor Of Design (Industrial Design),0.0010369204
BIRTH_COUNTRY_BELGIUM,0.0010367553
COURSE_TITLE_Bachelor Of Information Technology,0.001035343
COURSE_CD_FULL_ALT_MGB101.1,0.0010336608
AGE_RANGE_40 to 49,0.001031103
COURSE_CD_FULL_ALT_223ZA.1,0.0010302543
COURSE_CD_FULL_ALT_202JA.4,0.0010259287
COURSE_CD_FULL_ALT_SCB301.1,0.0010257193
COURSE_CD_FULL_ALT_ARM201.2,0.0010174853
COURSE_CD_FULL_ALT_723AA.3,0.0010135629
COURSE_TITLE_Bachelor Of International Business,0.0010126184
COURSE_CD_FULL_ALT_142JA.3,0.0010115613
COURSE_TITLE_Bachelor Of Landscape Architecture (Honours),0.0010093873
COURSE_CD_FULL_ALT_158JA.3,0.0010078778
BIRTH_COUNTRY_GHANA,0.0010059873
BIRTH_COUNTRY_SYRIA,0.0010009127
COURSE_CD_FULL_ALT_SCHL01.2,0.0009998278
COURSE_TITLE_Graduate Diploma In Information Technology,0.000997909
BIRTH_COUNTRY_ARGENTINA,0.0009978785
COURSE_CD_FULL_ALT_333JA.1,0.0009942965
COURSE_CD_FULL_ALT_MGB305.1,0.0009934956
COURSE_CD_FULL_ALT_ARM201.1,0.0009931258
COURSE_CD_FULL_ALT_ARC601.1,0.0009918456
COURSE_CD_FULL_ALT_MGM201.1,0.0009910535
COURSE_CD_FULL_ALT_305JA.1,0.0009903689
COURSE_CD_FULL_ALT_915AA.2,0.0009892299
COURSE_CD_FULL_ALT_251JA.1,0.0009886652
COURSE_TITLE_Graduate Certificate In Business,0.0009867412
COURSE_CD_FULL_ALT_SCM501.1,0.0009848963
COURSE_CD_FULL_ALT_706AA.7,0.0009839542
COURSE_TITLE_Bachelor Of Industrial Design,0.0009802663
COURSE_CD_FULL_ALT_256HG.1,0.0009791306
COURSE_TITLE_Bachelor Of Accounting,0.0009786997
BIRTH_COUNTRY_IRELAND,0.0009784538
COURSE_CD_FULL_ALT_ARB202.1,0.0009773091
COURSE_CD_FULL_ALT_ARB002.1,0.00097537605
COURSE_CD_FULL_ALT_148JA.3,0.0009736411
COURSE_TITLE_Bachelor Of Politics And International Relations/Bachelor Of Laws,0.00097304914
COURSE_CD_FULL_ALT_660AA.6,0.0009684309
COURSE_CD_FULL_ALT_924AA.6,0.000966315
COURSE_TITLE_Bachelor Of Science,0.00096620206
COURSE_CD_FULL_ALT_HLB001.1,0.0009636743
COURSE_CD_FULL_ALT_HLC501.1,0.00096363894
COURSE_CD_FULL_ALT_MGSC02.2,0.00095590163
COURSE_CD_FULL_ALT_MXP001.1,0.00095453695
COURSE_CD_FULL_ALT_271JA.1,0.00095150346
BIRTH_COUNTRY_AUSTRALIA,0.00095052447
COURSE_CD_FULL_ALT_274JA.6,0.0009500944
"BIRTH_COUNTRY_UNITED KINGDOM, NFD",0.0009472797
COURSE_CD_FULL_ALT_SCSC01.1,0.00094642
COURSE_CD_FULL_ALT_267JA.1,0.00094239664
COURSE_CD_FULL_ALT_SCSC03.1,0.0009414991
COURSE_CD_FULL_ALT_ARB404.1,0.0009412907
BIRTH_COUNTRY_CROATIA,0.0009406272
COURSE_CD_FULL_ALT_131JA.1,0.0009402418
COURSE_CD_FULL_ALT_206JA.2,0.0009342515
COURSE_CD_FULL_ALT_348JA.3,0.0009318888
COURSE_TITLE_Master Of Public Health,0.0009280947
COURSE_CD_FULL_ALT_365JA.1,0.000927775
COURSE_CD_FULL_ALT_NPH001.1,0.00092731183
AGE_RANGE_70 to 79,0.00092673517
COURSE_TITLE_Bachelor Of Film Production,0.00092634093
BIRTH_COUNTRY_TUNISIA,0.00092294154
COURSE_CD_FULL_ALT_EDG301.1,0.00092267705
COURSE_CD_FULL_ALT_317JA.2,0.0009225655
COURSE_TITLE_Graduate Certificate In Public Policy And Finance,0.00092144107
COURSE_CD_FULL_ALT_739AD.2,0.0009185987
COURSE_CD_FULL_ALT_MGB001.1,0.0009159463
COURSE_CD_FULL_ALT_ARB104.1,0.0009149387
COURSE_TITLE_Bachelor Of Arts,0.0009135786
COURSE_CD_FULL_ALT_317JA.1,0.0009127634
BIRTH_COUNTRY_VIET NAM,0.000911938
COURSE_CD_FULL_ALT_380JA.1,0.00091054733
BIRTH_COUNTRY_HONDURAS,0.0009054943
COURSE_TITLE_Bachelor Of Design (Interaction Design),0.0009027242
FACULTY_CODE_FCY-HLT,0.0009019428
COURSE_TITLE_Bachelor Of Primary Education (Health And Physical Education),0.00090183446
COURSE_CD_FULL_ALT_ABB003.1,0.0009008892
BIRTH_COUNTRY_ALGERIA,0.00090067554
BIRTH_COUNTRY_LAOS,0.00089887175
COURSE_CD_FULL_ALT_ARSC03.1,0.00089723174
COURSE_CD_FULL_ALT_833AA.4,0.0008928738
COURSE_TITLE_Bachelor Of Justice Studies/Bachelor Of Forensic Studies,0.0008867029
COURSE_TITLE_Master Of Education Studies,0.0008863048
COURSE_CD_FULL_ALT_MGC501.1,0.0008833609
COURSE_TITLE_Bachelor Of Arts/Bachelor Of Commerce,0.00088071264
COURSE_TITLE_Bachelor Of Secondary Education/Bachelor Of Mathematics And Computing Technology Studies,0.0008794485
"LOCATION_DESCRIPTION_UC - TAFE NSW South Western Sydney, Liverpool",0.00087860314
COURSE_CD_FULL_ALT_319JA.3,0.0008769676
BIRTH_COUNTRY_BAHRAIN,0.0008744005
COURSE_TITLE_Master Of Teaching,0.0008716699
COURSE_CD_FULL_ALT_ARB302.1,0.00086495554
COURSE_CD_FULL_ALT_780AA.1,0.00086289004
COURSE_CD_FULL_ALT_327JA.4,0.00086080143
COURSE_CD_FULL_ALT_ARB201.2,0.000859073
COURSE_CD_FULL_ALT_SCB101.2,0.00085719395
COURSE_CD_FULL_ALT_MGB104.1,0.0008551499
COURSE_CD_FULL_ALT_298JA.1,0.0008535143
COURSE_TITLE_Bachelor Of Forensic Studies/Bachelor Of Laws,0.00085233524
COURSE_CD_FULL_ALT_266JA.4,0.0008490707
COURSE_CD_FULL_ALT_255HG.1,0.0008475264
BIRTH_COUNTRY_VENEZUELA,0.00084589695
COURSE_TITLE_Bachelor Of Science/Bachelor Of Laws,0.0008433653
TEACHING_PERIOD_DESCR_Teaching Period 2,0.00084267464
COURSE_CD_FULL_ALT_249JA.2,0.0008407136
COURSE_CD_FULL_ALT_MGM301.1,0.0008351679
AGE_RANGE_30 to 39,0.00083413906
COURSE_TITLE_Bachelor Of Sports Management,0.0008333621
BIRTH_COUNTRY_GREECE,0.0008312727
COURSE_CD_FULL_ALT_EDS001.2,0.0008312473
COURSE_CD_FULL_ALT_173JA.2,0.0008301794
COURSE_CD_FULL_ALT_211JA.1,0.0008300582
COURSE_CD_FULL_ALT_ARB006.1,0.00082930806
BIRTH_COUNTRY_BAHAMAS,0.000829209
COURSE_TITLE_Bachelor Of Business/ Bachelor Of Information Technology,0.0008289444
COURSE_CD_FULL_ALT_ARAR02.2,0.000825721
COURSE_CD_FULL_ALT_HLM601.1,0.0008244411
COURSE_CD_FULL_ALT_307JA.1,0.0008215718
COURSE_CD_FULL_ALT_846AA.7,0.0008203964
COURSE_TITLE_Master Of Creative Industries,0.00081937783
COURSE_CD_FULL_ALT_347JA.1,0.0008192281
COURSE_CD_FULL_ALT_829AA.6,0.00081757765
BIRTH_COUNTRY_GUINEA,0.0008172158
COURSE_CD_FULL_ALT_NPB003.1,0.00080736104
COURSE_TITLE_Bachelor Of Business/ Bachelor Of Communication And Media,0.00080684246
COURSE_CD_FULL_ALT_ARB403.1,0.00080559234
COURSE_CD_FULL_ALT_SCB302.1,0.000805269
COURSE_TITLE_Graduate Certificate In Accounting,0.0008033101
COURSE_CD_FULL_ALT_815AA.6,0.0007985553
BIRTH_COUNTRY_FORMER YUGOSLAV REPUBLIC OF MACEDONIA (FYROM),0.00079629873
COURSE_CD_FULL_ALT_686AA.7,0.0007939117
COURSE_CD_FULL_ALT_230JA.2,0.0007910118
COURSE_CD_FULL_ALT_ARB401.1,0.00078872644
COURSE_CD_FULL_ALT_278JA.2,0.0007884618
COURSE_TITLE_Graduate Certificate In Information Technology,0.0007881995
COURSE_CD_FULL_ALT_320JA.1,0.0007863271
BIRTH_COUNTRY_ROMANIA,0.0007844594
COURSE_CD_FULL_ALT_HLM501.1,0.00077744044
COURSE_CD_FULL_ALT_801AA.6,0.0007743136
COURSE_TITLE_Bachelor Of Health Studies,0.0007740863
COURSE_CD_FULL_ALT_SCNP01.1,0.00076938845
COURSE_TITLE_Bachelor Of Commerce/Bachelor Of Laws,0.000767955
COURSE_CD_FULL_ALT_357JA.1,0.0007673232
COURSE_TITLE_Bachelor Of Politics & International Relations/Bachelor Of Communication In Media And Public Affairs,0.0007658288
COURSE_CD_FULL_ALT_322AA.9,0.0007648123
COURSE_TITLE_Master Of Engineering,0.0007563541
COURSE_CD_FULL_ALT_846AA.8,0.00075434
COURSE_CD_FULL_ALT_323JA.3,0.0007477831
COURSE_CD_FULL_ALT_MGB105.2,0.00074477313
COURSE_TITLE_Bachelor Of Arts In International Studies/Bachelor Of Laws,0.00074278493
COURSE_CD_FULL_ALT_276JA.3,0.0007331601
BIRTH_COUNTRY_OMAN,0.00073162664
COURSE_CD_FULL_ALT_ARB202.2,0.0007308222
COURSE_CD_FULL_ALT_MGSC01.1,0.0007295097
FEE_PAYING_GROUP_DESCRIPTION_Domestic Fee-Paying,0.0007281788
COURSE_CD_FULL_ALT_HLMG01.1,0.000727561
COURSE_CD_FULL_ALT_MGIT02.2,0.00072719075
COURSE_CD_FULL_ALT_780AA.3,0.00072098855
COURSE_TITLE_Master Of International Business,0.0007190812
COURSE_CD_FULL_ALT_ARB101.1,0.00071868673
COURSE_CD_FULL_ALT_292JA.1,0.00071643025
COURSE_CD_FULL_ALT_HLM101.2,0.0007163367
COURSE_CD_FULL_ALT_347JA.2,0.0007149138
COURSE_CD_FULL_ALT_EDM101.1,0.0007115225
COURSE_CD_FULL_ALT_338JA.1,0.0007108304
BIRTH_COUNTRY_UKRAINE,0.00070923724
COURSE_CD_FULL_ALT_ARB001.1,0.0007049744
COURSE_CD_FULL_ALT_372JA.1,0.00069952366
COURSE_CD_FULL_ALT_EDC104.1,0.0006994542
COURSE_CD_FULL_ALT_321JA.5,0.00069579703
BIRTH_COUNTRY_GAZA STRIP AND WEST BANK,0.00069564587
COURSE_CD_FULL_ALT_868AA.4,0.00069535157
BIRTH_COUNTRY_SWITZERLAND,0.00069085433
COURSE_CD_FULL_ALT_SCM101.1,0.00069077744
COURSE_CD_FULL_ALT_142JA.2,0.0006855479
COURSE_TITLE_Professional Doctorate In Business Administration (Research),0.0006844818
COURSE_CD_FULL_ALT_943AA.3,0.00067702704
COURSE_CD_FULL_ALT_946AA.3,0.0006766873
COURSE_CD_FULL_ALT_ARSC01.3,0.00067459996
COURSE_CD_FULL_ALT_ARB007.1,0.00067454926
COURSE_CD_FULL_ALT_266JA.2,0.000670425
COURSE_CD_FULL_ALT_219JA.1,0.00067025906
COURSE_TITLE_Bachelor Of Commerce (Financial Planning),0.0006682031
COURSE_CD_FULL_ALT_838AA.3,0.00066806335
COURSE_CD_FULL_ALT_371JA.2,0.0006657707
COURSE_CD_FULL_ALT_EDC301.1,0.0006618772
COURSE_CD_FULL_ALT_274JA.4,0.00065873575
COURSE_CD_FULL_ALT_HLB301.1,0.00065105775
COURSE_CD_FULL_ALT_883AA.2,0.00064602005
COURSE_TITLE_Master Of Teaching English To Speakers Of Other Languages (Tesol) & Foreign Language Teaching (Flt),0.00064197014
COURSE_CD_FULL_ALT_916AA.2,0.0006418648
COURSE_TITLE_Bachelor Of Environmental Science,0.00064101577
AGE_RANGE_80 to 89,0.0006346718
COURSE_CD_FULL_ALT_330JA.1,0.00063411717
COURSE_CD_FULL_ALT_146JA.3,0.00063209067
COURSE_CD_FULL_ALT_208JA.1,0.00063141994
COURSE_CD_FULL_ALT_976AA.2,0.00063094526
LOCATION_COUNTRY_China,0.00062957854
COURSE_CD_FULL_ALT_290JA.2,0.0006262378
DEEWR_CITIZENSHIP_HUMANITARIAN VISA HOLDER,0.0006226494
COURSE_CD_FULL_ALT_133JA.2,0.0006225888
COURSE_CD_FULL_ALT_SCMG01.1,0.00062237243
COURSE_CD_FULL_ALT_MGB107.1,0.0006210978
COURSE_CD_FULL_ALT_ITC103.1,0.000620934
COURSE_CD_FULL_ALT_794AA.4,0.00061985385
COURSE_CD_FULL_ALT_ABM101.1,0.00061861734
COURSE_CD_FULL_ALT_330JA.6,0.0006174793
AGE_RANGE_50 to 59,0.0006169109
COURSE_CD_FULL_ALT_ARB203.3,0.00061679044
COURSE_CD_FULL_ALT_723AA.6,0.0006148013
COURSE_CD_FULL_ALT_394AA.6,0.0006139387
COURSE_CD_FULL_ALT_184JA.2,0.0006085068
BIRTH_COUNTRY_SERBIA,0.000607907
COURSE_CD_FULL_ALT_815AA.5,0.00060745195
LOCATION_DESCRIPTION_UC Ozford,0.000604577
COURSE_TITLE_Bachelor Of Digital Design (Digital Media),0.0006043993
COURSE_CD_FULL_ALT_979AA.2,0.00060313597
COURSE_CD_FULL_ALT_324JA.5,0.0006017345
COURSE_CD_FULL_ALT_801AA.5,0.0005989335
COURSE_TITLE_Graduate Diploma In Legal Studies,0.0005982817
COURSE_CD_FULL_ALT_216JA.1,0.000598145
COURSE_CD_FULL_ALT_MGB109.1,0.00059250614
COURSE_CD_FULL_ALT_275JA.3,0.0005913801
COURSE_CD_FULL_ALT_MGIT01.2,0.00058485067
COURSE_CD_FULL_ALT_815AA.4,0.00058432925
"LOCATION_DESCRIPTION_UC - Cooma Universities Centre, Cooma",0.0005841375
COURSE_CD_FULL_ALT_282JA.2,0.0005820921
COURSE_TITLE_Graduate Diploma In Business Informatics,0.00058183493
COURSE_CD_FULL_ALT_847AA.2,0.0005790508
COURSE_CD_FULL_ALT_EDM103.1,0.00057773985
COURSE_CD_FULL_ALT_324JA.1,0.00057766744
COURSE_TITLE_Graduate Certificate In Business Informatics,0.0005771202
COURSE_CD_FULL_ALT_SCAR02.2,0.0005706961
COURSE_CD_FULL_ALT_MGIT03.2,0.0005696568
COURSE_CD_FULL_ALT_342JA.2,0.00056729105
COURSE_CD_FULL_ALT_370JA.1,0.0005653585
COURSE_CD_FULL_ALT_769AA.2,0.00056328205
COURSE_TITLE_Bachelor Of Sports Media,0.00056290935
COURSE_CD_FULL_ALT_306JA.2,0.000562219
COURSE_TITLE_Graduate Certificate In Policy And Data,0.00056024664
COURSE_CD_FULL_ALT_807AA.4,0.0005576773
COURSE_CD_FULL_ALT_560AA.4,0.0005557651
COURSE_CD_FULL_ALT_361JA.2,0.00055413914
COURSE_CD_FULL_ALT_ARB203.2,0.0005531151
COURSE_CD_FULL_ALT_331JA.1,0.0005463202
COURSE_TITLE_Bachelor Of Communication And Media/ Bachelor Of Event And Tourism Management,0.00054560084
COURSE_CD_FULL_ALT_185JA.1,0.0005403299
COURSE_CD_FULL_ALT_560AA.8,0.0005387423
COURSE_CD_FULL_ALT_988AA.2,0.00053557096
COURSE_CD_FULL_ALT_380JB.1,0.00053548394
COURSE_CD_FULL_ALT_ARSC03.2,0.00053384877
BIRTH_COUNTRY_WALES,0.00053279294
COURSE_CD_FULL_ALT_998AA.3,0.0005308887
COURSE_CD_FULL_ALT_187JA.2,0.0005306066
COURSE_CD_FULL_ALT_883AA.3,0.0005271855
COURSE_CD_FULL_ALT_299JA.1,0.000525805
COURSE_CD_FULL_ALT_HLM001.1,0.00052474556
BIRTH_COUNTRY_MACAU (SAR OF CHINA),0.00052347005
COURSE_TITLE_Graduate Certificate In Sports Analytics,0.0005202447
COURSE_CD_FULL_ALT_266JA.6,0.0005143144
"LOCATION_DESCRIPTION_UC - TAFE Queensland, Mount Gravatt",0.0005096689
LOCATION_DESCRIPTION_UCI - East China University of Science & Technology Shanghai,0.0005082576
COURSE_CD_FULL_ALT_ARB402.1,0.0005069209
COURSE_CD_FULL_ALT_ARC701.1,0.0005017406
COURSE_TITLE_Bachelor Of Nursing (Honours),0.00050081825
COURSE_CD_FULL_ALT_ARB008.1,0.0005001455
COURSE_CD_FULL_ALT_322JA.1,0.00049999397
COURSE_CD_FULL_ALT_172JA.1,0.0004977779
COURSE_CD_FULL_ALT_308JA.1,0.0004941434
COURSE_CD_FULL_ALT_289JA.1,0.00049017434
BIRTH_COUNTRY_SPAIN,0.00048769606
COURSE_CD_FULL_ALT_992AA.5,0.00048703724
"COURSE_TITLE_Bachelor Of Business, Government And Policy (Honours)",0.00048175096
COURSE_CD_FULL_ALT_SCG002.1,0.00047909582
COURSE_CD_FULL_ALT_SCAR01.1,0.00047588078
COURSE_TITLE_Bachelor Of Applied Economics/Bachelor Of Commerce,0.0004748707
COURSE_TITLE_Bachelor Of Arts/Bachelor Of Communication And Media,0.00047432486
COURSE_CD_FULL_ALT_246JA.3,0.00047417125
COURSE_CD_FULL_ALT_369JA.1,0.0004710386
COURSE_CD_FULL_ALT_372JA.2,0.00046968955
COURSE_CD_FULL_ALT_HLM401.1,0.00046874196
COURSE_CD_FULL_ALT_264JA.2,0.000468398
COURSE_CD_FULL_ALT_322JA.3,0.00046679805
COURSE_CD_FULL_ALT_202JA.6,0.00046662832
COURSE_CD_FULL_ALT_688AA.6,0.0004658335
COURSE_CD_FULL_ALT_292JA.2,0.00045670528
COURSE_CD_FULL_ALT_297JA.3,0.00045560332
COURSE_CD_FULL_ALT_202JA.7,0.00045229524
COURSE_CD_FULL_ALT_706AA.9,0.00045200365
COURSE_CD_FULL_ALT_723AL.4,0.00044936858
BIRTH_COUNTRY_ISRAEL,0.00044739648
COURSE_CD_FULL_ALT_ARMG01.1,0.00044150645
COURSE_CD_FULL_ALT_340JA.1,0.0004405991
COURSE_CD_FULL_ALT_884AA.3,0.00044005565
COURSE_CD_FULL_ALT_196JA.2,0.0004392958
COURSE_CD_FULL_ALT_ARB201.3,0.0004379997
COURSE_TITLE_Master Of Education (Research),0.0004377899
COURSE_CD_FULL_ALT_NPSC01.1,0.00043476233
COURSE_CD_FULL_ALT_ARC402.1,0.0004323742
COURSE_CD_FULL_ALT_167JA.2,0.00043017478
COURSE_CD_FULL_ALT_288JA.2,0.0004286195
BIRTH_COUNTRY_NORTHERN IRELAND,0.0004161236
COURSE_CD_FULL_ALT_330JA.3,0.0004085918
COURSE_CD_FULL_ALT_285JA.2,0.0004068922
COURSE_CD_FULL_ALT_355JA.1,0.00040356035
COURSE_CD_FULL_ALT_739AD.1,0.00040304966
COURSE_CD_FULL_ALT_723AF.3,0.00040027205
BIRTH_COUNTRY_MALDIVES,0.00039380728
COURSE_CD_FULL_ALT_326JA.4,0.00039199338
COURSE_CD_FULL_ALT_840AA.4,0.00038554968
COURSE_CD_FULL_ALT_285JA.1,0.00038458465
BIRTH_COUNTRY_BURUNDI,0.00037682225
COURSE_TITLE_Graduate Diploma In Accounting,0.00036053287
COURSE_CD_FULL_ALT_SCSC01.2,0.00033359395
COURSE_TYPE_GROUP1_BKEY_NAWD,0.000330767
COURSE_CD_FULL_ALT_274JA.2,0.00031482038
COURSE_CD_FULL_ALT_912AA.5,0.00027591854
"LOCATION_DESCRIPTION_UCI - Hong Kong Baptist University, Hong Kong",0.0002607973
COURSE_CD_FULL_ALT_373JA.1,0.00023832565
COURSE_CD_FULL_ALT_328JA.2,0.00021408785
COURSE_CD_FULL_ALT_689AA.5,0.00018710188
COURSE_CD_FULL_ALT_316AA.1,0.00018585395
COURSE_CD_FULL_ALT_329JA.1,0.00018298591
COURSE_CD_FULL_ALT_723AL.2,0.00017866521
COURSE_CD_FULL_ALT_254HC.2,0.0001773291
COURSE_CD_FULL_ALT_266JA.5,0.00017425175
COURSE_CD_FULL_ALT_213AA.1,0.00014860096
COURSE_CD_FULL_ALT_328JA.3,0.000120922676
COURSE_CD_FULL_ALT_ETB001.1,0.000108115964
COURSE_CD_FULL_ALT_MGM102.1,9.6052594e-05
COURSE_CD_FULL_ALT_274JA.3,9.090859e-05
"LOCATION_DESCRIPTION_UC - TAFE Queensland, Coomera",7.2730916e-05
COURSE_CD_FULL_ALT_723AE.2,8.816146e-06
COURSE_CD_FULL_ALT_337JA.1,0.0
COURSE_CD_FULL_ALT_341JA.1,0.0
COURSE_CD_FULL_ALT_341JA.2,0.0
COURSE_CD_FULL_ALT_342JA.1,0.0
COURSE_CD_FULL_ALT_343JA.1,0.0
COURSE_CD_FULL_ALT_345JA.1,0.0
COURSE_CD_FULL_ALT_345JA.2,0.0
COURSE_CD_FULL_ALT_348JA.1,0.0
COURSE_CD_FULL_ALT_348JA.2,0.0
COURSE_CD_FULL_ALT_350JA.1,0.0
COURSE_CD_FULL_ALT_351JA.1,0.0
COURSE_CD_FULL_ALT_354JA.1,0.0
COURSE_CD_FULL_ALT_354JA.2,0.0
COURSE_CD_FULL_ALT_360JA.1,0.0
COURSE_CD_FULL_ALT_360JA.2,0.0
COURSE_CD_FULL_ALT_362JA.1,0.0
COURSE_CD_FULL_ALT_363JA.1,0.0
COURSE_CD_FULL_ALT_363JA.2,0.0
COURSE_CD_FULL_ALT_367JA.1,0.0
COURSE_CD_FULL_ALT_372JA.3,0.0
COURSE_CD_FULL_ALT_373JA.2,0.0
COURSE_CD_FULL_ALT_373JA.3,0.0
COURSE_CD_FULL_ALT_373JA.4,0.0
COURSE_CD_FULL_ALT_374JA.1,0.0
COURSE_CD_FULL_ALT_379JA.1,0.0
COURSE_CD_FULL_ALT_380JA.2,0.0
COURSE_CD_FULL_ALT_380JB.2,0.0
COURSE_CD_FULL_ALT_384JA.1,0.0
COURSE_CD_FULL_ALT_385JA.1,0.0
COURSE_CD_FULL_ALT_386JA.1,0.0
COURSE_CD_FULL_ALT_386JA.2,0.0
COURSE_CD_FULL_ALT_394AA.5,0.0
COURSE_CD_FULL_ALT_429AA.5,0.0
COURSE_CD_FULL_ALT_429AA.7,0.0
COURSE_CD_FULL_ALT_429AB.2,0.0
COURSE_CD_FULL_ALT_484AA.2,0.0
COURSE_CD_FULL_ALT_485AA.2,0.0
COURSE_CD_FULL_ALT_638AA.6,0.0
COURSE_CD_FULL_ALT_672AA.3,0.0
COURSE_CD_FULL_ALT_672AA.4,0.0
COURSE_CD_FULL_ALT_677AA.3,0.0
COURSE_CD_FULL_ALT_686AA.4,0.0
COURSE_CD_FULL_ALT_688AA.7,0.0
COURSE_CD_FULL_ALT_689AA.6,0.0
COURSE_CD_FULL_ALT_706AA.4,0.0
COURSE_CD_FULL_ALT_706AA.5,0.0
COURSE_CD_FULL_ALT_706AA.6,0.0
COURSE_CD_FULL_ALT_723AA.1,0.0
COURSE_CD_FULL_ALT_723AA.2,0.0
COURSE_CD_FULL_ALT_723AA.7,0.0
COURSE_CD_FULL_ALT_723AE.3,0.0
COURSE_CD_FULL_ALT_723AE.4,0.0
COURSE_CD_FULL_ALT_723AE.5,0.0
COURSE_CD_FULL_ALT_723AF.2,0.0
COURSE_CD_FULL_ALT_723AF.4,0.0
COURSE_CD_FULL_ALT_723AF.5,0.0
COURSE_CD_FULL_ALT_723AL.3,0.0
COURSE_CD_FULL_ALT_726AA.1,0.0
COURSE_CD_FULL_ALT_727AA.1,0.0
COURSE_CD_FULL_ALT_728AA.2,0.0
COURSE_CD_FULL_ALT_731AA.1,0.0
COURSE_CD_FULL_ALT_734AA.3,0.0
COURSE_CD_FULL_ALT_737AA.4,0.0
COURSE_CD_FULL_ALT_739AC.1,0.0
COURSE_CD_FULL_ALT_739AD.3,0.0
COURSE_CD_FULL_ALT_742AA.1,0.0
COURSE_CD_FULL_ALT_742AA.2,0.0
COURSE_CD_FULL_ALT_742AA.3,0.0
COURSE_CD_FULL_ALT_760AA.2,0.0
COURSE_CD_FULL_ALT_761AA.4,0.0
COURSE_CD_FULL_ALT_762AB.2,0.0
COURSE_CD_FULL_ALT_768AA.1,0.0
COURSE_CD_FULL_ALT_769AA.1,0.0
COURSE_CD_FULL_ALT_769AA.3,0.0
COURSE_CD_FULL_ALT_771AA.4,0.0
COURSE_CD_FULL_ALT_771AA.5,0.0
COURSE_CD_FULL_ALT_771AA.6,0.0
COURSE_CD_FULL_ALT_772AA.7,0.0
COURSE_CD_FULL_ALT_773AA.2,0.0
COURSE_CD_FULL_ALT_773AA.3,0.0
COURSE_CD_FULL_ALT_791AA.3,0.0
COURSE_CD_FULL_ALT_793AA.7,0.0
COURSE_CD_FULL_ALT_794AA.3,0.0
COURSE_CD_FULL_ALT_798AA.5,0.0
COURSE_CD_FULL_ALT_798AA.6,0.0
COURSE_CD_FULL_ALT_799AA.3,0.0
COURSE_CD_FULL_ALT_799AA.4,0.0
COURSE_CD_FULL_ALT_801AA.4,0.0
COURSE_CD_FULL_ALT_802AA.5,0.0
COURSE_CD_FULL_ALT_802AA.6,0.0
COURSE_CD_FULL_ALT_804AA.3,0.0
COURSE_CD_FULL_ALT_806AA.4,0.0
COURSE_CD_FULL_ALT_807AA.3,0.0
COURSE_CD_FULL_ALT_808AA.3,0.0
COURSE_CD_FULL_ALT_808AA.4,0.0
COURSE_CD_FULL_ALT_810AA.4,0.0
COURSE_CD_FULL_ALT_810AA.5,0.0
COURSE_CD_FULL_ALT_810AA.6,0.0
COURSE_CD_FULL_ALT_818AA.5,0.0
COURSE_CD_FULL_ALT_818AA.6,0.0
COURSE_CD_FULL_ALT_821AA.5,0.0
COURSE_CD_FULL_ALT_821AA.6,0.0
COURSE_CD_FULL_ALT_822AA.5,0.0
COURSE_CD_FULL_ALT_822AA.6,0.0
COURSE_CD_FULL_ALT_829AA.5,0.0
COURSE_CD_FULL_ALT_830AA.3,0.0
COURSE_CD_FULL_ALT_830AA.4,0.0
COURSE_CD_FULL_ALT_833AA.2,0.0
COURSE_CD_FULL_ALT_833AA.3,0.0
COURSE_CD_FULL_ALT_836AA.3,0.0
COURSE_CD_FULL_ALT_836AA.4,0.0
COURSE_CD_FULL_ALT_837AA.4,0.0
COURSE_CD_FULL_ALT_837AA.5,0.0
COURSE_CD_FULL_ALT_838AA.2,0.0
COURSE_CD_FULL_ALT_838AA.5,0.0
COURSE_CD_FULL_ALT_839AA.1,0.0
COURSE_CD_FULL_ALT_839AA.2,0.0
COURSE_CD_FULL_ALT_840AA.5,0.0
COURSE_CD_FULL_ALT_840AA.6,0.0
COURSE_CD_FULL_ALT_841AA.4,0.0
COURSE_CD_FULL_ALT_841AA.5,0.0
COURSE_CD_FULL_ALT_843AA.2,0.0
COURSE_CD_FULL_ALT_843AA.3,0.0
COURSE_CD_FULL_ALT_843AA.4,0.0
COURSE_CD_FULL_ALT_843AA.5,0.0
COURSE_CD_FULL_ALT_844AA.3,0.0
COURSE_CD_FULL_ALT_844AA.4,0.0
COURSE_CD_FULL_ALT_844AA.5,0.0
COURSE_CD_FULL_ALT_845AA.2,0.0
COURSE_CD_FULL_ALT_845AA.3,0.0
COURSE_CD_FULL_ALT_846AA.3,0.0
COURSE_CD_FULL_ALT_846AA.4,0.0
COURSE_CD_FULL_ALT_846AA.5,0.0
IS_DOMESTIC,0.0
HAS_SCHOLARSHIP,0.0
HAS_DISABILITY,0.0
IS_CURRENT_STUDENT,0.0
COURSE_CD_FULL_ALT_849AA.1,0.0
IS_RESEARCH_STUDENT,0.0
COURSE_CD_FULL_ALT_851AA.3,0.0
COURSE_CD_FULL_ALT_851AB.1,0.0
COURSE_CD_FULL_ALT_852AA.8,0.0
COURSE_CD_FULL_ALT_859AA.2,0.0
COURSE_CD_FULL_ALT_860AA.2,0.0
COURSE_CD_FULL_ALT_861AA.2,0.0
COURSE_CD_FULL_ALT_868AA.3,0.0
IS_AUS_CAMPUS,0.0
IS_ATSI,0.0
COURSE_CD_FULL_ALT_882AA.3,0.0
IS_RESEARCH_COURSE,0.0
IS_UCC_COURSE,0.0
STUDENT_INT_DOM_International,0.0
COURSE_CD_FULL_ALT_884AA.4,0.0
BIRTH_COUNTRY_ADÉLIE LAND (FRANCE),0.0
COURSE_CD_FULL_ALT_887AA.1,0.0
COURSE_CD_FULL_ALT_900AA.2,0.0
COURSE_CD_FULL_ALT_901AA.2,0.0
COURSE_CD_FULL_ALT_903AA.2,0.0
COURSE_CD_FULL_ALT_910AA.2,0.0
COURSE_CD_FULL_ALT_912AA.4,0.0
BIRTH_COUNTRY_ALBANIA,0.0
BIRTH_COUNTRY_ANGOLA,0.0
COURSE_CD_FULL_ALT_913AA.4,0.0
BIRTH_COUNTRY_ARGENTINIAN ANTARCTIC TERRITORY,0.0
COURSE_CD_FULL_ALT_913AA.6,0.0
COURSE_CD_FULL_ALT_914AA.1,0.0
BIRTH_COUNTRY_ARMENIA,0.0
BIRTH_COUNTRY_ARUBA,0.0
COURSE_CD_FULL_ALT_920AA.2,0.0
BIRTH_COUNTRY_AUSTRALIAN ANTARCTIC TERRITORY,0.0
BIRTH_COUNTRY_AZERBAIJAN,0.0
BIRTH_COUNTRY_BARBADOS,0.0
COURSE_CD_FULL_ALT_927AA.2,0.0
COURSE_CD_FULL_ALT_927AA.3,0.0
COURSE_CD_FULL_ALT_942AA.1,0.0
COURSE_CD_FULL_ALT_943AA.2,0.0
BIRTH_COUNTRY_BELARUS,0.0
COURSE_CD_FULL_ALT_944AA.3,0.0
COURSE_CD_FULL_ALT_944AA.4,0.0
COURSE_CD_FULL_ALT_944AA.5,0.0
COURSE_CD_FULL_ALT_945AA.2,0.0
COURSE_CD_FULL_ALT_945AA.3,0.0
COURSE_CD_FULL_ALT_946AA.2,0.0
BIRTH_COUNTRY_BELIZE,0.0
BIRTH_COUNTRY_BERMUDA,0.0
COURSE_CD_FULL_ALT_956AA.4,0.0
COURSE_CD_FULL_ALT_958AA.1,0.0
COURSE_CD_FULL_ALT_958AA.2,0.0
COURSE_CD_FULL_ALT_958AA.3,0.0
COURSE_CD_FULL_ALT_964AA.1,0.0
COURSE_CD_FULL_ALT_965AA.1,0.0
COURSE_CD_FULL_ALT_966AA.2,0.0
COURSE_CD_FULL_ALT_969AA.1,0.0
COURSE_CD_FULL_ALT_971AA.1,0.0
COURSE_CD_FULL_ALT_973AA.1,0.0
COURSE_CD_FULL_ALT_973AA.2,0.0
BIRTH_COUNTRY_BOLIVIA,0.0
BIRTH_COUNTRY_BOSNIA AND HERZEGOVINA,0.0
BIRTH_COUNTRY_BRAZIL,0.0
BIRTH_COUNTRY_BULGARIA,0.0
BIRTH_COUNTRY_BURKINA FASO,0.0
COURSE_CD_FULL_ALT_979AA.1,0.0
BIRTH_COUNTRY_CAMEROON,0.0
BIRTH_COUNTRY_CENTRAL AFRICAN REPUBLIC,0.0
"BIRTH_COUNTRY_CENTRAL AND WEST AFRICA, NFD",0.0
BIRTH_COUNTRY_CHAD,0.0
COURSE_CD_FULL_ALT_992AA.4,0.0
BIRTH_COUNTRY_CHANNEL ISLANDS,0.0
COURSE_CD_FULL_ALT_998AA.2,0.0
BIRTH_COUNTRY_CONGO,0.0
COURSE_CD_FULL_ALT_ABAB01.1,0.0
BIRTH_COUNTRY_COOK ISLANDS,0.0
BIRTH_COUNTRY_COSTA RICA,0.0
COURSE_CD_FULL_ALT_ABB002.2,0.0
BIRTH_COUNTRY_CUBA,0.0
BIRTH_COUNTRY_CYPRUS,0.0
BIRTH_COUNTRY_CZECH REPUBLIC,0.0
COURSE_CD_FULL_ALT_ABC101.1,0.0
COURSE_CD_FULL_ALT_ABC101.2,0.0
COURSE_CD_FULL_ALT_ABG101.1,0.0
BIRTH_COUNTRY_CÔTE D'IVOIRE,0.0
COURSE_CD_FULL_ALT_ABM101.2,0.0
COURSE_CD_FULL_ALT_ARAR01.1,0.0
COURSE_CD_FULL_ALT_ARAR01.2,0.0
BIRTH_COUNTRY_DENMARK,0.0
BIRTH_COUNTRY_DJIBOUTI,0.0
BIRTH_COUNTRY_DOMINICAN REPUBLIC,0.0
BIRTH_COUNTRY_ECUADOR,0.0
BIRTH_COUNTRY_EL SALVADOR,0.0
BIRTH_COUNTRY_ERITREA,0.0
BIRTH_COUNTRY_ESTONIA,0.0
BIRTH_COUNTRY_FAEROE ISLANDS,0.0
BIRTH_COUNTRY_FINLAND,0.0
BIRTH_COUNTRY_FORMER YUGOSLAVIA NOT FURTHER DEFINED,0.0
BIRTH_COUNTRY_GABON,0.0
BIRTH_COUNTRY_GAMBIA,0.0
BIRTH_COUNTRY_GEORGIA,0.0
COURSE_CD_FULL_ALT_ARB009.2,0.0
BIRTH_COUNTRY_GIBRALTAR,0.0
COURSE_CD_FULL_ALT_ARB101.2,0.0
BIRTH_COUNTRY_GRENADA,0.0
COURSE_CD_FULL_ALT_ARB102.2,0.0
BIRTH_COUNTRY_GUAM,0.0
BIRTH_COUNTRY_GUATEMALA,0.0
COURSE_CD_FULL_ALT_ARB104.2,0.0
COURSE_CD_FULL_ALT_ARB105.1,0.0
COURSE_CD_FULL_ALT_ARB201.1,0.0
BIRTH_COUNTRY_GUERNSEY,0.0
BIRTH_COUNTRY_GUINEA-BISSAU,0.0
BIRTH_COUNTRY_GUYANA,0.0
BIRTH_COUNTRY_HAITI,0.0
COURSE_CD_FULL_ALT_ARB202.3,0.0
BIRTH_COUNTRY_HUNGARY,0.0
BIRTH_COUNTRY_ICELAND,0.0
BIRTH_COUNTRY_ISLE OF MAN,0.0
COURSE_CD_FULL_ALT_ARB301.1,0.0
COURSE_CD_FULL_ALT_ARB301.2,0.0
BIRTH_COUNTRY_ITALY,0.0
COURSE_CD_FULL_ALT_ARB303.1,0.0
BIRTH_COUNTRY_JAMAICA,0.0
BIRTH_COUNTRY_JERSEY,0.0
BIRTH_COUNTRY_KAZAKHSTAN,0.0
BIRTH_COUNTRY_KIRIBATI,0.0
COURSE_CD_FULL_ALT_ARB405.1,0.0
COURSE_CD_FULL_ALT_ARC001.1,0.0
COURSE_CD_FULL_ALT_ARC101.1,0.0
"BIRTH_COUNTRY_KOREA, DEMOCRATIC PEOPLE'S REPUBLIC OF (NORTH)",0.0
COURSE_CD_FULL_ALT_ARC102.2,0.0
COURSE_CD_FULL_ALT_ARC201.1,0.0
BIRTH_COUNTRY_KOSOVO,0.0
COURSE_CD_FULL_ALT_ARC401.1,0.0
BIRTH_COUNTRY_KYRGYZ REPUBLIC,0.0
BIRTH_COUNTRY_LATVIA,0.0
BIRTH_COUNTRY_LESOTHO,0.0
COURSE_CD_FULL_ALT_ARC801.1,0.0
COURSE_CD_FULL_ALT_ARG001.1,0.0
COURSE_CD_FULL_ALT_ARG101.1,0.0
COURSE_CD_FULL_ALT_ARG201.1,0.0
COURSE_CD_FULL_ALT_ARG201.2,0.0
COURSE_CD_FULL_ALT_ARG501.1,0.0
COURSE_CD_FULL_ALT_ARG501.2,0.0
COURSE_CD_FULL_ALT_ARM001.1,0.0
COURSE_CD_FULL_ALT_ARM101.1,0.0
BIRTH_COUNTRY_LIBERIA,0.0
BIRTH_COUNTRY_LIBYA,0.0
COURSE_CD_FULL_ALT_ARM201.3,0.0
COURSE_CD_FULL_ALT_ARM301.1,0.0
COURSE_CD_FULL_ALT_ARM301.2,0.0
COURSE_CD_FULL_ALT_ARM301.3,0.0
BIRTH_COUNTRY_LITHUANIA,0.0
COURSE_CD_FULL_ALT_ARMG01.2,0.0
COURSE_CD_FULL_ALT_ARMG02.1,0.0
COURSE_CD_FULL_ALT_ARMG02.2,0.0
BIRTH_COUNTRY_LUXEMBOURG,0.0
BIRTH_COUNTRY_MADAGASCAR,0.0
BIRTH_COUNTRY_MALAWI,0.0
COURSE_CD_FULL_ALT_ARSC02.1,0.0
COURSE_CD_FULL_ALT_ARSC02.2,0.0
BIRTH_COUNTRY_MALTA,0.0
BIRTH_COUNTRY_MAURITANIA,0.0
"BIRTH_COUNTRY_MELANESIA, NFD",0.0
COURSE_CD_FULL_ALT_EDC101.1,0.0
BIRTH_COUNTRY_MEXICO,0.0
COURSE_CD_FULL_ALT_EDC103.1,0.0
"BIRTH_COUNTRY_MIDDLE EAST, NFD",0.0
COURSE_CD_FULL_ALT_EDC105.1,0.0
BIRTH_COUNTRY_MOLDOVA,0.0
COURSE_CD_FULL_ALT_EDC401.1,0.0
BIRTH_COUNTRY_MONTENEGRO,0.0
BIRTH_COUNTRY_MOROCCO,0.0
BIRTH_COUNTRY_MOZAMBIQUE,0.0
COURSE_CD_FULL_ALT_EDM102.1,0.0
BIRTH_COUNTRY_NAMIBIA,0.0
COURSE_CD_FULL_ALT_EDM301.1,0.0
COURSE_CD_FULL_ALT_EDM302.1,0.0
BIRTH_COUNTRY_NAURU,0.0
BIRTH_COUNTRY_NEW CALEDONIA,0.0
BIRTH_COUNTRY_NICARAGUA,0.0
BIRTH_COUNTRY_NIUE,0.0
COURSE_CD_FULL_ALT_ETB001.2,0.0
COURSE_CD_FULL_ALT_ETB001.3,0.0
BIRTH_COUNTRY_NORWAY,0.0
BIRTH_COUNTRY_PALAU,0.0
BIRTH_COUNTRY_PANAMA,0.0
BIRTH_COUNTRY_PARAGUAY,0.0
BIRTH_COUNTRY_PORTUGAL,0.0
BIRTH_COUNTRY_PUERTO RICO,0.0
BIRTH_COUNTRY_RWANDA,0.0
COURSE_CD_FULL_ALT_HLC001.1,0.0
COURSE_CD_FULL_ALT_HLC003.1,0.0
"BIRTH_COUNTRY_SAMOA, AMERICAN",0.0
COURSE_CD_FULL_ALT_HLC401.1,0.0
BIRTH_COUNTRY_SENEGAL,0.0
COURSE_CD_FULL_ALT_HLG003.1,0.0
BIRTH_COUNTRY_SEYCHELLES,0.0
BIRTH_COUNTRY_SLOVAKIA,0.0
COURSE_CD_FULL_ALT_HLHL01.2,0.0
BIRTH_COUNTRY_SLOVENIA,0.0
COURSE_CD_FULL_ALT_HLM101.1,0.0
BIRTH_COUNTRY_SOLOMON ISLANDS,0.0
COURSE_CD_FULL_ALT_HLM101.3,0.0
COURSE_CD_FULL_ALT_HLM102.1,0.0
COURSE_CD_FULL_ALT_HLM201.1,0.0
BIRTH_COUNTRY_SOMALIA,0.0
"BIRTH_COUNTRY_SOUTH AMERICA, NEC",0.0
BIRTH_COUNTRY_SOUTHERN AND CENTRAL ASIA,0.0
"BIRTH_COUNTRY_SOUTHERN AND EAST AFRICA, NEC",0.0
COURSE_CD_FULL_ALT_ITB001.1,0.0
COURSE_CD_FULL_ALT_ITB101.1,0.0
COURSE_CD_FULL_ALT_ITB101.2,0.0
COURSE_CD_FULL_ALT_ITC101.1,0.0
COURSE_CD_FULL_ALT_ITC102.1,0.0
BIRTH_COUNTRY_SPANISH NORTH AFRICA,0.0
BIRTH_COUNTRY_ST MARTIN (FRENCH PART),0.0
COURSE_CD_FULL_ALT_ITM001.2,0.0
BIRTH_COUNTRY_SURINAME,0.0
COURSE_CD_FULL_ALT_MGAR01.2,0.0
COURSE_CD_FULL_ALT_MGAR02.1,0.0
COURSE_CD_FULL_ALT_MGAR02.2,0.0
COURSE_CD_FULL_ALT_MGAR03.1,0.0
COURSE_CD_FULL_ALT_MGAR03.2,0.0
BIRTH_COUNTRY_SWAZILAND,0.0
BIRTH_COUNTRY_SWEDEN,0.0
BIRTH_COUNTRY_TAJIKISTAN,0.0
BIRTH_COUNTRY_TOGO,0.0
BIRTH_COUNTRY_TRINIDAD AND TOBAGO,0.0
BIRTH_COUNTRY_TUVALU,0.0
BIRTH_COUNTRY_URUGUAY,0.0
BIRTH_COUNTRY_VANUATU,0.0
"BIRTH_COUNTRY_VIRGIN ISLANDS, BRITISH",0.0
COURSE_CD_FULL_ALT_MGB108.2,0.0
"BIRTH_COUNTRY_VIRGIN ISLANDS, UNITED STATES",0.0
COURSE_CD_FULL_ALT_MGB201.1,0.0
BIRTH_COUNTRY_YEMEN,0.0
"BIRTH_COUNTRY_YUGOSLAVIA, FEDERAL REPUBLIC OF",0.0
BIRTH_COUNTRY_ZAMBIA,0.0
COURSE_CD_FULL_ALT_MGB304.1,0.0
LOCATION_TYPE_CAMPUS,0.0
"LOCATION_DESCRIPTION_UC - Ducere, Online",0.0
"LOCATION_DESCRIPTION_UC - TAFE Queensland, Nambour",0.0
COURSE_CD_FULL_ALT_MGB401.2,0.0
COURSE_CD_FULL_ALT_MGC001.1,0.0
COURSE_CD_FULL_ALT_MGC001.2,0.0
COURSE_CD_FULL_ALT_MGC201.1,0.0
"LOCATION_DESCRIPTION_UC - TAFE Queensland, Townsville",0.0
COURSE_CD_FULL_ALT_MGC601.1,0.0
COURSE_CD_FULL_ALT_MGG001.1,0.0
COURSE_CD_FULL_ALT_MGG001.2,0.0
COURSE_CD_FULL_ALT_MGG101.1,0.0
COURSE_CD_FULL_ALT_MGIT01.1,0.0
LOCATION_DESCRIPTION_UC Melbourne - City Campus,0.0
COURSE_CD_FULL_ALT_MGIT02.1,0.0
LOCATION_DESCRIPTION_UC Online in Partnership with University of London,0.0
COURSE_CD_FULL_ALT_MGIT03.1,0.0
"LOCATION_DESCRIPTION_UCI - Hangzhou Normal University, Hangzhou",0.0
"LOCATION_DESCRIPTION_UCI - Hanoi University, Hanoi",0.0
COURSE_CD_FULL_ALT_MGM102.2,0.0
COURSE_CD_FULL_ALT_MGM103.1,0.0
"LOCATION_DESCRIPTION_UCI - Lingnan Institute for Further Education, Hong Kong",0.0
"LOCATION_DESCRIPTION_UCI - Ningbo University, Ningbo",0.0
COURSE_CD_FULL_ALT_MGM401.1,0.0
COURSE_CD_FULL_ALT_MGM401.2,0.0
COURSE_CD_FULL_ALT_MGMG01.1,0.0
"LOCATION_DESCRIPTION_UCI - PSB Academy, Singapore",0.0
COURSE_CD_FULL_ALT_MGSC02.1,0.0
"LOCATION_DESCRIPTION_UCI - SVKM's Institute of International Studies, Mumbai",0.0
COURSE_CD_FULL_ALT_MGSC03.1,0.0
LOCATION_COUNTRY_Bhutan,0.0
COURSE_CD_FULL_ALT_NAU001.1,0.0
COURSE_CD_FULL_ALT_NAU002.1,0.0
LOCATION_COUNTRY_Hong Kong,0.0
LOCATION_COUNTRY_India,0.0
LOCATION_COUNTRY_Singapore,0.0
LOCATION_COUNTRY_Vietnam,0.0
AUSTRALIAN_CAMPUS_FLAG_N,0.0
AUSTRALIAN_CAMPUS_FLAG_Y,0.0
COURSE_CD_FULL_ALT_106JA.2,0.0
COURSE_CD_FULL_ALT_SCAR01.2,0.0
COURSE_CD_FULL_ALT_106JA.3,0.0
COURSE_CD_FULL_ALT_106JA.4,0.0
COURSE_CD_FULL_ALT_SCAR03.1,0.0
COURSE_CD_FULL_ALT_SCAR04.1,0.0
COURSE_CD_FULL_ALT_106JA.5,0.0
COURSE_CD_FULL_ALT_111JA.2,0.0
COURSE_CD_FULL_ALT_115JA.2,0.0
COURSE_CD_FULL_ALT_117JA.2,0.0
COURSE_CD_FULL_ALT_117JA.3,0.0
COURSE_CD_FULL_ALT_SCB201.2,0.0
COURSE_CD_FULL_ALT_124JA.2,0.0
COURSE_CD_FULL_ALT_132JA.1,0.0
COURSE_CD_FULL_ALT_SCB401.1,0.0
COURSE_CD_FULL_ALT_SCC003.1,0.0
COURSE_CD_FULL_ALT_132JA.4,0.0
COURSE_CD_FULL_ALT_SCC102.1,0.0
COURSE_CD_FULL_ALT_SCC103.1,0.0
COURSE_CD_FULL_ALT_SCC104.1,0.0
COURSE_CD_FULL_ALT_SCC201.1,0.0
COURSE_CD_FULL_ALT_SCC301.1,0.0
COURSE_CD_FULL_ALT_134JA.2,0.0
COURSE_CD_FULL_ALT_SCG001.1,0.0
COURSE_CD_FULL_ALT_135JA.1,0.0
COURSE_CD_FULL_ALT_135JA.2,0.0
COURSE_CD_FULL_ALT_135JA.3,0.0
COURSE_CD_FULL_ALT_137JA.2,0.0
COURSE_CD_FULL_ALT_SCH001.1,0.0
COURSE_CD_FULL_ALT_SCH001.2,0.0
COURSE_CD_FULL_ALT_SCH001.3,0.0
COURSE_CD_FULL_ALT_140AG.1,0.0
COURSE_CD_FULL_ALT_145JA.2,0.0
COURSE_CD_FULL_ALT_SCM001.1,0.0
COURSE_CD_FULL_ALT_145JA.3,0.0
COURSE_CD_FULL_ALT_146JA.2,0.0
COURSE_CD_FULL_ALT_147JA.2,0.0
COURSE_CD_FULL_ALT_148JA.2,0.0
COURSE_CD_FULL_ALT_149JA.2,0.0
COURSE_CD_FULL_ALT_149JA.3,0.0
COURSE_CD_FULL_ALT_158JA.2,0.0
COURSE_CD_FULL_ALT_163JA.2,0.0
COURSE_CD_FULL_ALT_168JA.2,0.0
COURSE_CD_FULL_ALT_171JA.1,0.0
COURSE_CD_FULL_ALT_SCSC03.2,0.0
COURSE_TITLE_Accelerated Pathways Programs,0.0
COURSE_TITLE_Associate Degree Of Justice Studies,0.0
COURSE_CD_FULL_ALT_174JA.2,0.0
COURSE_CD_FULL_ALT_179JA.1,0.0
COURSE_TITLE_Bachelor Of Applied Business (Management) (Online),0.0
COURSE_TITLE_Bachelor Of Applied Business (Marketing) (Online),0.0
COURSE_TITLE_Bachelor Of Applied Economics,0.0
COURSE_CD_FULL_ALT_179JA.2,0.0
COURSE_TITLE_Bachelor Of Applied Economics/Bachelor Of Laws,0.0
COURSE_TITLE_Bachelor Of Applied Economics/Bachelor Of Management,0.0
COURSE_TITLE_Bachelor Of Applied Entrepreneurship (Online),0.0
COURSE_TITLE_Bachelor Of Applied Entrepreneurship (Social Entrepreneurship) (Online),0.0
COURSE_TITLE_Bachelor Of Applied Fashion,0.0
COURSE_TITLE_Bachelor Of Applied Science (Honours),0.0
COURSE_CD_FULL_ALT_182JB.1,0.0
COURSE_CD_FULL_ALT_183JA.1,0.0
COURSE_TITLE_Bachelor Of Arts (Creative Writing),0.0
COURSE_TITLE_Bachelor Of Arts (Culture And Heritage),0.0
COURSE_CD_FULL_ALT_183JA.2,0.0
COURSE_TITLE_Bachelor Of Arts (Film Production),0.0
COURSE_TITLE_Bachelor Of Arts (Global Studies),0.0
COURSE_TITLE_Bachelor Of Arts / Bachelor Of Media Arts And Production,0.0
COURSE_CD_FULL_ALT_185JA.2,0.0
COURSE_CD_FULL_ALT_185JA.3,0.0
COURSE_TITLE_Bachelor Of Arts In International Studies,0.0
COURSE_TITLE_Bachelor Of Arts In International Studies / Bachelor Of Media Arts And Production,0.0
COURSE_TITLE_Bachelor Of Arts In International Studies/Bachelor Of Commerce,0.0
COURSE_TITLE_Bachelor Of Arts In International Studies/Bachelor Of Communication In Advertising,0.0
COURSE_TITLE_Bachelor Of Arts In International Studies/Bachelor Of Communication In Media And Public Affairs,0.0
COURSE_TITLE_Bachelor Of Arts In International Studies/Bachelor Of Communication In Public Relations,0.0
COURSE_TITLE_Bachelor Of Arts In International Studies/Bachelor Of Event And Tourism Management,0.0
COURSE_TITLE_Bachelor Of Arts In International Studies/Bachelor Of Journalism,0.0
COURSE_CD_FULL_ALT_188JA.1,0.0
COURSE_TITLE_Bachelor Of Arts In International Studies/Bachelor Of Management,0.0
COURSE_TITLE_Bachelor Of Arts In Psychology And Counselling,0.0
COURSE_TITLE_Bachelor Of Arts/ Bachelor Of Event And Tourism Management,0.0
COURSE_TITLE_Bachelor Of Arts/ Bachelor Of Laws,0.0
COURSE_CD_FULL_ALT_193JA.3,0.0
COURSE_CD_FULL_ALT_194JA.1,0.0
COURSE_TITLE_Bachelor Of Arts/Bachelor Of Communication In Advertising,0.0
COURSE_TITLE_Bachelor Of Arts/Bachelor Of Communication In Media And Public Affairs,0.0
COURSE_TITLE_Bachelor Of Arts/Bachelor Of Communication In Public Relations,0.0
COURSE_TITLE_Bachelor Of Arts/Bachelor Of Information Technology,0.0
COURSE_CD_FULL_ALT_194JA.2,0.0
COURSE_TITLE_Bachelor Of Arts/Bachelor Of Management,0.0
COURSE_TITLE_Bachelor Of Arts/Bachelor Of Science In Psychology,0.0
COURSE_TITLE_Bachelor Of Australian Politics & Public Policy/Bachelor Of Communication In Media & Public Affairs,0.0
COURSE_TITLE_Bachelor Of Australian Politics And Public Policy,0.0
COURSE_TITLE_Bachelor Of Australian Politics And Public Policy/Bachelor Of Laws,0.0
COURSE_CD_FULL_ALT_194JA.3,0.0
COURSE_CD_FULL_ALT_198JA.1,0.0
COURSE_TITLE_Bachelor Of Building And Construction Management (Honours),0.0
COURSE_TITLE_Bachelor Of Building And Construction Management/Bachelor Of Laws,0.0
COURSE_TITLE_Bachelor Of Built Environment (Architecture)/Bachelor Of Built Environment (Interior Architecture),0.0
COURSE_TITLE_Bachelor Of Business,0.0
COURSE_TITLE_Bachelor Of Business (Entrepreneurship & Innovation),0.0
COURSE_TITLE_Bachelor Of Business (Executive Administration),0.0
COURSE_TITLE_Bachelor Of Business (Human Resource Management),0.0
COURSE_TITLE_Bachelor Of Business (International Business),0.0
COURSE_CD_FULL_ALT_202JA.1,0.0
COURSE_TITLE_Bachelor Of Business (Marketing Management),0.0
COURSE_TITLE_Bachelor Of Business (Marketing),0.0
COURSE_TITLE_Bachelor Of Business (Service Management),0.0
COURSE_CD_FULL_ALT_202JA.5,0.0
COURSE_CD_FULL_ALT_204JA.1,0.0
COURSE_TITLE_Bachelor Of Business Administration/Bachelor Of Business Informatics,0.0
COURSE_TITLE_Bachelor Of Business Administration/Bachelor Of Management,0.0
COURSE_CD_FULL_ALT_205JA.1,0.0
COURSE_TITLE_Bachelor Of Business Informatics/Bachelor Of Laws,0.0
COURSE_TITLE_Bachelor Of Business Studies (Event And Tourism Management),0.0
COURSE_TITLE_Bachelor Of Business Studies (Event And Tourism Management)(Online),0.0
COURSE_CD_FULL_ALT_206JA.1,0.0
COURSE_CD_FULL_ALT_208JA.2,0.0
COURSE_TITLE_Bachelor Of Business/ Bachelor Of Arts,0.0
COURSE_TITLE_Bachelor Of Business/ Bachelor Of Business Informatics,0.0
COURSE_CD_FULL_ALT_210JA.1,0.0
COURSE_TITLE_Bachelor Of Business/ Bachelor Of Design,0.0
COURSE_CD_FULL_ALT_210JA.2,0.0
COURSE_TITLE_Bachelor Of Business/ Bachelor Of Laws,0.0
COURSE_TITLE_Bachelor Of Business/ Bachelor Of Science In Psychology,0.0
COURSE_TITLE_Bachelor Of Civil Engineering Technology,0.0
COURSE_CD_FULL_ALT_212JA.1,0.0
COURSE_TITLE_Bachelor Of Commerce (Accounting And Finance),0.0
COURSE_TITLE_Bachelor Of Commerce (Accounting),0.0
COURSE_TITLE_Bachelor Of Commerce (Business Economics),0.0
COURSE_CD_FULL_ALT_213JA.1,0.0
COURSE_CD_FULL_ALT_214AA.1,0.0
COURSE_CD_FULL_ALT_214JA.1,0.0
COURSE_TITLE_Bachelor Of Commerce/ Bachelor Of Laws,0.0
COURSE_TITLE_Bachelor Of Commerce/Bachelor Of Communication In Advertising,0.0
COURSE_TITLE_Bachelor Of Commerce/Bachelor Of Communication In Media And Public Affairs,0.0
COURSE_TITLE_Bachelor Of Commerce/Bachelor Of Communication In Public Relations,0.0
COURSE_TITLE_Bachelor Of Commerce/Bachelor Of Event And Tourism Management,0.0
COURSE_CD_FULL_ALT_218JA.1,0.0
COURSE_TITLE_Bachelor Of Communication And Media,0.0
COURSE_CD_FULL_ALT_220JA.1,0.0
COURSE_TITLE_Bachelor Of Communication And Media (Journalism),0.0
COURSE_TITLE_Bachelor Of Communication And Media (Marketing Communication),0.0
COURSE_TITLE_Bachelor Of Communication And Media (Sports Media),0.0
COURSE_CD_FULL_ALT_221AB.3,0.0
COURSE_TITLE_Bachelor Of Communication And Media/ Bachelor Of Laws,0.0
COURSE_TITLE_Bachelor Of Communication In Advertising,0.0
COURSE_TITLE_Bachelor Of Communication In Advertising/Bachelor Of Laws,0.0
COURSE_TITLE_Bachelor Of Communication In Journalism,0.0
COURSE_TITLE_Bachelor Of Communication In Journalism/Bachelor Of Laws,0.0
COURSE_TITLE_Bachelor Of Communication In Media And Public Affairs,0.0
COURSE_TITLE_Bachelor Of Communication In Media And Public Affairs/Bachelor Of Laws,0.0
COURSE_TITLE_Bachelor Of Communication In Public Relations,0.0
COURSE_TITLE_Bachelor Of Communication In Public Relations/Bachelor Of Event And Tourism Management,0.0
COURSE_TITLE_Bachelor Of Communication In Public Relations/Bachelor Of Laws,0.0
COURSE_TITLE_Bachelor Of Contemporary Music Practice,0.0
COURSE_TITLE_Bachelor Of Creative Industries (Acting And Performance),0.0
COURSE_TITLE_Bachelor Of Creative Industries (Applied Fashion),0.0
COURSE_TITLE_Bachelor Of Creative Industries (Contemporary Music Practice),0.0
COURSE_TITLE_Bachelor Of Creative Industries (Drama And Performance),0.0
COURSE_TITLE_Bachelor Of Creative Industries (Visual Arts),0.0
COURSE_CD_FULL_ALT_221JA.2,0.0
COURSE_TITLE_Bachelor Of Design (Game Development),0.0
COURSE_CD_FULL_ALT_221JA.3,0.0
COURSE_CD_FULL_ALT_223JA.2,0.0
COURSE_TITLE_Bachelor Of Design (Visual Communication Design),0.0
COURSE_TITLE_Bachelor Of Design/Bachelor Of Communication And Media,0.0
COURSE_CD_FULL_ALT_223JA.3,0.0
COURSE_TITLE_Bachelor Of Digital Design (Game Design),0.0
COURSE_TITLE_Bachelor Of Digital Design (Visual Communication Design),0.0
COURSE_CD_FULL_ALT_224JA.2,0.0
COURSE_TITLE_Bachelor Of Early Childhood Education (Birth To Five),0.0
COURSE_TITLE_Bachelor Of Economic Studies (Online),0.0
COURSE_TITLE_Bachelor Of Education,0.0
COURSE_TITLE_Bachelor Of Education (Graduate Entry),0.0
COURSE_TITLE_Bachelor Of Education/Bachelor Of Arts,0.0
COURSE_TITLE_Bachelor Of Education/Bachelor Of Science,0.0
COURSE_TITLE_Bachelor Of Educational Studies,0.0
COURSE_CD_FULL_ALT_224JA.3,0.0
COURSE_TITLE_Bachelor Of Engineering In Network And Software Engineering,0.0
COURSE_TITLE_Bachelor Of Engineering In Network And Software Engineering (Honours),0.0
COURSE_TITLE_Bachelor Of Engineering Technology,0.0
COURSE_TITLE_Bachelor Of Entrepreneurship And Innovation,0.0
COURSE_CD_FULL_ALT_225JA.3,0.0
COURSE_TITLE_Bachelor Of Event And Tourism Management,0.0
COURSE_TITLE_Bachelor Of Event And Tourism Management/Bachelor Of Sports Management,0.0
COURSE_CD_FULL_ALT_226JA.1,0.0
COURSE_TITLE_Bachelor Of Fashion (Apparel Engineering And Design),0.0
COURSE_CD_FULL_ALT_227JA.1,0.0
COURSE_CD_FULL_ALT_227JA.2,0.0
COURSE_TITLE_Bachelor Of Forensic Studies/ Bachelor Of Laws,0.0
COURSE_CD_FULL_ALT_228JA.1,0.0
COURSE_TITLE_Bachelor Of Games And Interactive Design,0.0
COURSE_TITLE_Bachelor Of Government,0.0
COURSE_TITLE_Bachelor Of Graphic Design,0.0
COURSE_TITLE_Bachelor Of Graphic Design/Bachelor Of Communication In Advertising,0.0
COURSE_CD_FULL_ALT_228JA.2,0.0
COURSE_TITLE_Bachelor Of Health Science (Honours),0.0
COURSE_TITLE_Bachelor Of Health Science (Human Movement),0.0
COURSE_TITLE_Bachelor Of Health Science (Human Movement)/ Bachelor Of Human Nutrition,0.0
COURSE_TITLE_Bachelor Of Health Science (Human Movement)/ Bachelor Of Sports Management,0.0
COURSE_TITLE_Bachelor Of Health Science (Nutrition Studies),0.0
COURSE_TITLE_Bachelor Of Health Sciences (Honours),0.0
COURSE_CD_FULL_ALT_230JA.1,0.0
"COURSE_TITLE_Bachelor Of Heritage, Museums And Conservation",0.0
COURSE_TITLE_Bachelor Of Hospitality Management,0.0
COURSE_CD_FULL_ALT_231JA.1,0.0
COURSE_TITLE_Bachelor Of Human Nutrition (Honours),0.0
COURSE_TITLE_Bachelor Of Human Resource Management,0.0
COURSE_TITLE_Bachelor Of Human Resource Management/Bachelor Of Laws,0.0
COURSE_CD_FULL_ALT_231JA.2,0.0
COURSE_TITLE_Bachelor Of Information And Mainframe Technology,0.0
COURSE_CD_FULL_ALT_233JA.1,0.0
COURSE_CD_FULL_ALT_234JA.1,0.0
COURSE_CD_FULL_ALT_234JA.2,0.0
COURSE_CD_FULL_ALT_235JA.1,0.0
COURSE_CD_FULL_ALT_235JA.2,0.0
COURSE_TITLE_Bachelor Of Journalism,0.0
COURSE_CD_FULL_ALT_237JA.1,0.0
COURSE_CD_FULL_ALT_237JA.2,0.0
COURSE_CD_FULL_ALT_238JA.2,0.0
COURSE_TITLE_Bachelor Of Landscape Design,0.0
COURSE_CD_FULL_ALT_238JA.3,0.0
COURSE_TITLE_Bachelor Of Laws/Bachelor Of Design,0.0
COURSE_CD_FULL_ALT_239JA.2,0.0
COURSE_TITLE_Bachelor Of Management/Bachelor Of Laws,0.0
COURSE_TITLE_Bachelor Of Management/Bachelor Of Science In Psychology,0.0
COURSE_TITLE_Bachelor Of Marketing Management,0.0
COURSE_TITLE_Bachelor Of Marketing Management/Bachelor Of Communication In Advertising,0.0
COURSE_TITLE_Bachelor Of Media Arts And Production,0.0
COURSE_CD_FULL_ALT_240JA.2,0.0
COURSE_CD_FULL_ALT_240JA.3,0.0
COURSE_CD_FULL_ALT_241JA.2,0.0
COURSE_TITLE_Bachelor Of Midwifery (Honours),0.0
COURSE_CD_FULL_ALT_241JA.3,0.0
COURSE_CD_FULL_ALT_244JA.1,0.0
COURSE_TITLE_Bachelor Of Nursing Advanced,0.0
COURSE_CD_FULL_ALT_246JA.2,0.0
COURSE_TITLE_Bachelor Of Pharmaceutical Science,0.0
COURSE_CD_FULL_ALT_246JA.4,0.0
COURSE_TITLE_Bachelor Of Philosophy (Honours),0.0
COURSE_CD_FULL_ALT_247JA.1,0.0
COURSE_TITLE_Bachelor Of Political Studies (Online),0.0
COURSE_CD_FULL_ALT_248JA.1,0.0
COURSE_CD_FULL_ALT_249JA.1,0.0
COURSE_TITLE_Bachelor Of Politics And International Relations/ Bachelor Of Arts,0.0
COURSE_TITLE_Bachelor Of Politics And International Relations/ Bachelor Of Business,0.0
COURSE_TITLE_Bachelor Of Politics And International Relations/ Bachelor Of Communication And Media,0.0
COURSE_TITLE_Bachelor Of Politics And International Relations/ Bachelor Of Laws,0.0
COURSE_TITLE_Bachelor Of Politics And International Relations/ Bachelor Of Science In Psychology,0.0
COURSE_TITLE_Bachelor Of Politics And International Relations/Bachelor Of Applied Economics,0.0
COURSE_TITLE_Bachelor Of Politics And International Relations/Bachelor Of Business Administration,0.0
COURSE_CD_FULL_ALT_253JA.3,0.0
COURSE_TITLE_Bachelor Of Politics And International Relations/Bachelor Of Design,0.0
COURSE_CD_FULL_ALT_254HC.1,0.0
COURSE_TITLE_Bachelor Of Politics And International Relations/Bachelor Of Science In Psychology,0.0
COURSE_CD_FULL_ALT_254LC.1,0.0
COURSE_CD_FULL_ALT_257HG.2,0.0
COURSE_TITLE_Bachelor Of Primary Education (Graduate Entry),0.0
COURSE_CD_FULL_ALT_260JA.2,0.0
COURSE_TITLE_Bachelor Of Primary Education (Stem),0.0
COURSE_TITLE_Bachelor Of Public Administration,0.0
COURSE_TITLE_Bachelor Of Public Health,0.0
COURSE_CD_FULL_ALT_262JA.1,0.0
COURSE_TITLE_Bachelor Of Science (Biomedical Science),0.0
COURSE_TITLE_Bachelor Of Science (Environmental Science),0.0
COURSE_CD_FULL_ALT_264JA.1,0.0
COURSE_CD_FULL_ALT_266JA.1,0.0
COURSE_TITLE_Bachelor Of Science In Psychology/ Bachelor Of Health Science (Human Movement),0.0
COURSE_CD_FULL_ALT_268JA.1,0.0
COURSE_TITLE_Bachelor Of Science In Psychology/Bachelor Of Laws,0.0
COURSE_TITLE_Bachelor Of Science In Psychology/Bachelor Of Sport And Exercise Science,0.0
COURSE_TITLE_Bachelor Of Science/ Bachelor Of Laws,0.0
COURSE_CD_FULL_ALT_269JA.1,0.0
COURSE_TITLE_Bachelor Of Screen Production,0.0
COURSE_CD_FULL_ALT_270JA.1,0.0
COURSE_TITLE_Bachelor Of Secondary Education (Graduate Entry),0.0
COURSE_CD_FULL_ALT_272JA.1,0.0
COURSE_TITLE_Bachelor Of Secondary Education (Science),0.0
COURSE_CD_FULL_ALT_274JA.1,0.0
COURSE_CD_FULL_ALT_275JA.1,0.0
COURSE_CD_FULL_ALT_275JA.2,0.0
COURSE_TITLE_Bachelor Of Social And Economic Policy (Economic Policy),0.0
COURSE_TITLE_Bachelor Of Social And Economic Policy (Sociology),0.0
COURSE_TITLE_Bachelor Of Social Science,0.0
COURSE_TITLE_Bachelor Of Social Science/Bachelor Of Laws,0.0
COURSE_CD_FULL_ALT_276JA.2,0.0
COURSE_CD_FULL_ALT_277JA.1,0.0
COURSE_CD_FULL_ALT_277JA.2,0.0
COURSE_TITLE_Bachelor Of Sport And Exercise Science/Bachelor Of Human Nutrition,0.0
COURSE_TITLE_Bachelor Of Sport And Exercise Science/Bachelor Of Information Technology,0.0
COURSE_TITLE_Bachelor Of Sport And Exercise Science/Bachelor Of Sports Management,0.0
COURSE_TITLE_Bachelor Of Sport Studies (Honours),0.0
COURSE_CD_FULL_ALT_277JA.3,0.0
COURSE_TITLE_Bachelor Of Sports Management/ Bachelor Of Event And Tourism Management,0.0
COURSE_CD_FULL_ALT_277JA.4,0.0
COURSE_TITLE_Bachelor Of Sports Media/Bachelor Of Laws,0.0
COURSE_TITLE_Bachelor Of Teaching (Graduate Entry),0.0
COURSE_TITLE_Bachelor Of The Built Environment (Architecture),0.0
COURSE_CD_FULL_ALT_278JA.1,0.0
COURSE_TITLE_Bachelor Of The Built Environment (Landscape Architecture),0.0
COURSE_TITLE_Bachelor Of Tourism Management,0.0
COURSE_TITLE_Bachelor Of Urban And Regional Planning,0.0
COURSE_CD_FULL_ALT_278JA.3,0.0
COURSE_TITLE_Bachelor Of Visual Arts,0.0
COURSE_TITLE_Bachelor Of Web Design And Production,0.0
COURSE_TITLE_Bachelor Of Writing,0.0
COURSE_TITLE_Cross Institutional Programme (G),0.0
COURSE_TITLE_Cross Institutional Programme (Ug),0.0
COURSE_CD_FULL_ALT_280JA.1,0.0
COURSE_TITLE_Doctor Of Philosophy In Clinical Psychology,0.0
COURSE_TITLE_Executive Master Of Public Administration,0.0
COURSE_CD_FULL_ALT_280JA.2,0.0
COURSE_TITLE_Graduate Certificate In Building And Construction Information Management,0.0
COURSE_CD_FULL_ALT_281JA.1,0.0
COURSE_TITLE_Graduate Certificate In Business Administration,0.0
COURSE_CD_FULL_ALT_282JA.1,0.0
COURSE_TITLE_Graduate Certificate In Communication,0.0
COURSE_TITLE_Graduate Certificate In Community Counselling,0.0
COURSE_TITLE_Graduate Certificate In Counselling,0.0
COURSE_TITLE_Graduate Certificate In Creative And Cultural Futures,0.0
COURSE_TITLE_Graduate Certificate In Creative Business,0.0
COURSE_TITLE_Graduate Certificate In Creative Industries,0.0
COURSE_TITLE_Graduate Certificate In Creative Leadership,0.0
COURSE_TITLE_Graduate Certificate In Cyber Law And Policy,0.0
COURSE_TITLE_Graduate Certificate In Cyber Security,0.0
COURSE_TITLE_Graduate Certificate In Cyber Security Management,0.0
COURSE_TITLE_Graduate Certificate In Data Science,0.0
COURSE_TITLE_Graduate Certificate In Design,0.0
COURSE_TITLE_Graduate Certificate In Design Strategies,0.0
COURSE_TITLE_Graduate Certificate In Diagnostic Pathology,0.0
COURSE_TITLE_Graduate Certificate In Digital Marketing,0.0
COURSE_TITLE_Graduate Certificate In Economics,0.0
COURSE_TITLE_Graduate Certificate In Education,0.0
COURSE_TITLE_Graduate Certificate In Education (Professional Practice),0.0
COURSE_TITLE_Graduate Certificate In Education Studies,0.0
COURSE_TITLE_Graduate Certificate In Educational Leadership,0.0
COURSE_TITLE_Graduate Certificate In Forensic Security,0.0
COURSE_TITLE_Graduate Certificate In Forensic Studies In Forensic Science (Online),0.0
COURSE_TITLE_Bachelor Of Commerce (Finance And Banking),0.0
COURSE_TITLE_Graduate Certificate In Geo-Spatial Health,0.0
COURSE_TITLE_Graduate Certificate In Government Informatics,0.0
COURSE_TITLE_Graduate Certificate In Government Law,0.0
COURSE_TITLE_Graduate Certificate In Health Leadership And Management,0.0
COURSE_TITLE_Graduate Certificate In Health Research,0.0
COURSE_CD_FULL_ALT_283JA.1,0.0
COURSE_CD_FULL_ALT_284JA.1,0.0
COURSE_TITLE_Graduate Certificate In Human Nutrition,0.0
COURSE_TITLE_Graduate Certificate In Human Resource Management,0.0
COURSE_CD_FULL_ALT_284JB.1,0.0
COURSE_TITLE_Graduate Certificate In International Development,0.0
COURSE_TITLE_Graduate Certificate In Law,0.0
COURSE_TITLE_Graduate Certificate In Leading Public Sector Innovation,0.0
COURSE_TITLE_Graduate Certificate In Lgbtqia+ Policy,0.0
COURSE_TITLE_Graduate Certificate In Management For The Public Sector,0.0
COURSE_TITLE_Graduate Certificate In Mental Health,0.0
COURSE_TITLE_Graduate Certificate In Midwifery,0.0
COURSE_TITLE_Graduate Certificate In Midwifery (Re-Entry),0.0
COURSE_TITLE_Graduate Certificate In Performance Health Management,0.0
COURSE_TITLE_Graduate Certificate In Pharmacotherapy,0.0
COURSE_CD_FULL_ALT_286JA.1,0.0
COURSE_TITLE_Graduate Certificate In Policy Evaluation,0.0
COURSE_TITLE_Graduate Certificate In Professional Supervision,0.0
COURSE_TITLE_Graduate Certificate In Professional Writing (Editing),0.0
COURSE_CD_FULL_ALT_286JA.2,0.0
COURSE_TITLE_Graduate Certificate In Public Administration (Act),0.0
COURSE_TITLE_Graduate Certificate In Public Administration (Dit),0.0
COURSE_TITLE_Graduate Certificate In Public Policy,0.0
COURSE_CD_FULL_ALT_286JA.3,0.0
COURSE_TITLE_Graduate Certificate In Screen Development,0.0
COURSE_TITLE_Graduate Certificate In Social Media And Public Engagement,0.0
COURSE_CD_FULL_ALT_287JA.1,0.0
COURSE_TITLE_Graduate Certificate In Statistics,0.0
COURSE_TITLE_Graduate Certificate In Stem Education,0.0
COURSE_TITLE_Graduate Certificate In Strategic Communication (Online),0.0
COURSE_TITLE_Graduate Certificate In Strength And Conditioning,0.0
COURSE_TITLE_Graduate Certificate In Tertiary Education,0.0
COURSE_TITLE_Graduate Certificate In Tesol And Foreign Language Teaching,0.0
COURSE_TITLE_Graduate Certificate In Tesol And Foreign Language Teaching (Flt),0.0
COURSE_TITLE_Graduate Certificate In Ultrasound Studies,0.0
COURSE_TITLE_Graduate Certificate In Urban And Regional Planning,0.0
COURSE_TITLE_Graduate Certificate: Country As Teacher,0.0
COURSE_CD_FULL_ALT_287JA.2,0.0
COURSE_TITLE_Graduate Diploma In Advanced Clinical Practice,0.0
COURSE_TITLE_Graduate Diploma In Building And Construction Information Management,0.0
COURSE_TITLE_Graduate Diploma In Business,0.0
COURSE_CD_FULL_ALT_288JA.1,0.0
COURSE_TITLE_Graduate Diploma In Communication,0.0
COURSE_TITLE_Graduate Diploma In Community Counselling,0.0
COURSE_CD_FULL_ALT_288JA.3,0.0
COURSE_TITLE_Graduate Diploma In Creative And Cultural Futures,0.0
COURSE_TITLE_Graduate Diploma In Creative Industries,0.0
COURSE_TITLE_Graduate Diploma In Design Strategies,0.0
COURSE_TITLE_Graduate Diploma In Diagnostic Pathology,0.0
COURSE_CD_FULL_ALT_289JA.2,0.0
COURSE_TITLE_Graduate Diploma In International Business,0.0
COURSE_TITLE_Graduate Diploma In International Development,0.0
COURSE_TITLE_Graduate Diploma In Law,0.0
COURSE_CD_FULL_ALT_290JA.1,0.0
COURSE_CD_FULL_ALT_290JA.4,0.0
COURSE_TITLE_Graduate Diploma In Nutritional Science,0.0
COURSE_TITLE_Graduate Diploma In Professional Writing,0.0
COURSE_TITLE_Graduate Diploma In Public Policy,0.0
COURSE_TITLE_Graduate Diploma In Statistics,0.0
COURSE_TITLE_Graduate Diploma In Tesol And Foreign Language Teaching,0.0
COURSE_TITLE_Graduate Diploma In Tesol And Foreign Language Teaching (Flt),0.0
COURSE_TITLE_Graduate Diploma In Urban And Regional Planning,0.0
COURSE_TITLE_Honours In Information Sciences,0.0
COURSE_TITLE_Honours In Science And Technology,0.0
COURSE_TITLE_Juris Doctor,0.0
COURSE_CD_FULL_ALT_291JA.1,0.0
COURSE_TITLE_Master Of Applied Arts & Humanities (Research),0.0
COURSE_TITLE_Master Of Applied Clinical Epidemiology (Sport),0.0
COURSE_TITLE_Master Of Applied Science (Research),0.0
COURSE_CD_FULL_ALT_291JA.2,0.0
COURSE_TITLE_Master Of Arts In Creative And Cultural Futures,0.0
COURSE_TITLE_Master Of Arts In Government (Research),0.0
COURSE_TITLE_Master Of Arts In Tesol And Foreign Language Teaching,0.0
COURSE_TITLE_Master Of Arts In Tourism (Research),0.0
COURSE_TITLE_Master Of Building And Construction Information Management,0.0
COURSE_TITLE_Master Of Business (Research),0.0
COURSE_CD_FULL_ALT_292JA.3,0.0
COURSE_TITLE_Master Of Business Administration (Bhutan),0.0
COURSE_TITLE_Master Of Business Administration (Extended),0.0
COURSE_TITLE_Master Of Business Administration (Innovation And Leadership),0.0
COURSE_TITLE_Master Of Business Administration (Ningbo),0.0
COURSE_TITLE_Master Of Business Administration (Online),0.0
COURSE_CD_FULL_ALT_293JA.1,0.0
COURSE_TITLE_Master Of Business Administration (Shanghai),0.0
COURSE_TITLE_Master Of Business Administration / Master Of Professional Accounting,0.0
COURSE_CD_FULL_ALT_294JA.1,0.0
COURSE_TITLE_Master Of Business Management,0.0
COURSE_TITLE_Master Of Business Management (Bhutan),0.0
COURSE_CD_FULL_ALT_295JA.1,0.0
COURSE_CD_FULL_ALT_297JA.4,0.0
COURSE_CD_FULL_ALT_298JA.2,0.0
COURSE_CD_FULL_ALT_299JA.2,0.0
COURSE_CD_FULL_ALT_300JA.1,0.0
COURSE_TITLE_Master Of Design Strategies,0.0
COURSE_TITLE_Master Of Diagnostic Pathology,0.0
COURSE_TITLE_Master Of Ecological Public Health,0.0
COURSE_CD_FULL_ALT_302JA.1,0.0
COURSE_TITLE_Master Of Education (Professional Practice),0.0
COURSE_CD_FULL_ALT_303JA.1,0.0
COURSE_CD_FULL_ALT_303JA.2,0.0
COURSE_TITLE_Master Of Educational Leadership And Management,0.0
COURSE_CD_FULL_ALT_304JA.1,0.0
COURSE_CD_FULL_ALT_304JA.2,0.0
COURSE_TITLE_Master Of Health (Research),0.0
COURSE_TITLE_Master Of High Performance Sport,0.0
COURSE_TITLE_Master Of Human Resource Management,0.0
COURSE_TITLE_Master Of Information Sciences (Research),0.0
COURSE_TITLE_Master Of Information Technology,0.0
COURSE_CD_FULL_ALT_306JA.1,0.0
COURSE_CD_FULL_ALT_309JA.1,0.0
COURSE_TITLE_Master Of International Business (Extended),0.0
COURSE_TITLE_Master Of International Business / Master Of Marketing Management,0.0
COURSE_TITLE_Master Of International Development,0.0
COURSE_TITLE_Master Of Law (Research),0.0
COURSE_TITLE_Master Of Laws,0.0
COURSE_TITLE_Master Of Legal Studies,0.0
COURSE_TITLE_Master Of Management,0.0
COURSE_CD_FULL_ALT_309JA.4,0.0
COURSE_CD_FULL_ALT_310JA.1,0.0
COURSE_TITLE_Master Of Medical Ultrasound,0.0
COURSE_TITLE_Master Of Midwifery,0.0
COURSE_TITLE_Master Of Midwifery Practice,0.0
COURSE_TITLE_Master Of Nursing,0.0
COURSE_TITLE_Master Of Nursing (Research),0.0
COURSE_TITLE_Master Of Nursing Practice (Graduate Entry),0.0
COURSE_TITLE_Master Of Nutrition,0.0
COURSE_CD_FULL_ALT_311JA.1,0.0
COURSE_CD_FULL_ALT_312JA.1,0.0
COURSE_TITLE_Master Of Optometry,0.0
COURSE_CD_FULL_ALT_313JA.1,0.0
COURSE_TITLE_Master Of Pharmacy (Research),0.0
COURSE_CD_FULL_ALT_314JA.1,0.0
COURSE_TITLE_Master Of Primary Teaching,0.0
COURSE_CD_FULL_ALT_314JA.2,0.0
COURSE_TITLE_Master Of Professional Accounting (Extended),0.0
COURSE_TITLE_Master Of Public Administration,0.0
COURSE_CD_FULL_ALT_315AF.1,0.0
COURSE_TITLE_Master Of Public Health (Extended),0.0
COURSE_TITLE_Master Of Public Policy,0.0
COURSE_TITLE_Master Of Secondary Teaching,0.0
COURSE_TITLE_Master Of Social Work (Qualifying),0.0
COURSE_CD_FULL_ALT_315AG.1,0.0
COURSE_TITLE_Master Of Sport And Exercise Science (Research),0.0
COURSE_TITLE_Master Of Strategic Communication,0.0
COURSE_TITLE_Master Of Strength And Conditioning,0.0
COURSE_CD_FULL_ALT_315AH.1,0.0
COURSE_CD_FULL_ALT_315AI.1,0.0
COURSE_TITLE_Master Of Technology,0.0
COURSE_CD_FULL_ALT_315JA.1,0.0
COURSE_TITLE_Non Award Program (Study Abroad),0.0
COURSE_TITLE_Non-Award Studies (Contemporary Practice),0.0
COURSE_TITLE_Non-Award Studies (Examinable),0.0
COURSE_TITLE_Overseas Exchange Program,0.0
COURSE_TITLE_Overseas Exchange Program (Full Year),0.0
COURSE_TITLE_Overseas Non Award Program,0.0
COURSE_TITLE_Overseas Non Award Program (Australian Sporting Industry),0.0
COURSE_TITLE_Overseas Non Award Program (Communication),0.0
COURSE_TITLE_Overseas Non Award Program (Health Short Term Program),0.0
COURSE_TITLE_Postgraduate Diploma In Extended Scope Physiotherapy,0.0
COURSE_TITLE_Postgraduate Diploma In Forensic Studies In Forensic Science (Online),0.0
COURSE_TITLE_Postgraduate Diploma In Health Research,0.0
COURSE_TITLE_Postgraduate Diploma In Nursing,0.0
COURSE_CD_FULL_ALT_315ZA.1,0.0
COURSE_TITLE_Professional Doctorate In Business Administration (Research) (Singapore),0.0
COURSE_TITLE_Professional Doctorate In Education (Research),0.0
COURSE_TITLE_Professional Doctorate In Legal Science (Research),0.0
COURSE_TITLE_Professional Doctorate In Nurse Practitioner (Research),0.0
COURSE_TITLE_Professional Doctorate In Public Administration (Research),0.0
COURSE_TITLE_Undergraduate Certificate In Education,0.0
COURSE_CD_FULL_ALT_316JA.1,0.0
COURSE_CD_FULL_ALT_316JA.2,0.0
COURSE_CD_FULL_ALT_318JA.1,0.0
COURSE_CD_FULL_ALT_319JA.1,0.0
SCHOLARSHIP_IND_Y,0.0
COURSE_CD_FULL_ALT_319JA.4,0.0
CURRENT_STUDENT_IND_Y,0.0
COURSE_CD_FULL_ALT_322JA.4,0.0
RESEARCH_STUDENT_IND_Y,0.0
COURSE_CD_FULL_ALT_322JA.5,0.0
COURSE_CD_FULL_ALT_323JA.1,0.0
COURSE_CD_FULL_ALT_323JA.2,0.0
COURSE_CD_FULL_ALT_323JA.4,0.0
ATSI_IND_N,0.0
ATSI_IND_Y,0.0
COURSE_CD_FULL_ALT_323JA.5,0.0
COURSE_CD_FULL_ALT_324AA.4,0.0
COURSE_CD_FULL_ALT_324JA.3,0.0
DISABILITY_IND_Y,0.0
COURSE_CD_FULL_ALT_327AA.4,0.0
COURSE_CD_FULL_ALT_328JA.1,0.0
FACULTY_CODE_RESSERV,0.0
COURSE_CD_FULL_ALT_329JA.2,0.0
FACULTY_DESCRIPTION_Faculty of Arts and Design,0.0
"FACULTY_DESCRIPTION_Faculty of Business, Government & Law",0.0
FACULTY_DESCRIPTION_Faculty of Education,0.0
FACULTY_DESCRIPTION_Faculty of Health,0.0
FACULTY_DESCRIPTION_Faculty of Science and Technology,0.0
FACULTY_DESCRIPTION_Graduate Research Office,0.0
FACULTY_DESCRIPTION_Student Administration,0.0
UCC_COURSE_FLAG_N,0.0
COURSE_CD_FULL_ALT_330JA.4,0.0
RESEARCH_COURSE_FLAG_Y,0.0
COURSE_CD_FULL_ALT_336JA.1,0.0
COURSE_TITLE_Graduate Certificate In Gender Policy,0.0
